Title,Metadata.Genres,Metadata.Publishers,Metrics.Review Score,Metrics.Sales,Metrics.Used Price,Release.Console,Release.Year
Super Mario 64 DS,Action,Nintendo,85,4.69,2044.403,Nintendo DS,2004
Lumines: Puzzle Fusion,Strategy,Ubisoft,89,0.56,1225.003,Sony PSP,2004
WarioWare Touched!,"Action,Racing / Driving,Sports",Nintendo,81,0.54,1880.523,Nintendo DS,2004
Hot Shots Golf: Open Tee,Sports,Sony,81,0.49,1061.123,Sony PSP,2004
Spider-Man 2,Action,Activision,61,0.45,1225.003,Nintendo DS,2004
The Urbz: Sims in the City,Simulation,EA,67,0.41,1061.123,Nintendo DS,2004
Ridge Racer,Racing / Driving,Namco,88,0.36,1634.703,Sony PSP,2004
Metal Gear Ac!d,Strategy,Konami,75,0.34,1470.823,Sony PSP,2004
Madden NFL 2005,Sports,EA,68,0.25,733.363,Nintendo DS,2004
Pokmon Dash,Racing / Driving,Nintendo,46,0.22,2044.403,Nintendo DS,2004
Dynasty Warriors,"Action,Adventure,Role-Playing (RPG)",,62,0.2,1225.003,Sony PSP,2004
Feel the Magic XY/XX,"Action,Adventure,Racing / Driving,Sports",Sega,75,0.16,733.363,Nintendo DS,2004
Ridge Racer DS,Racing / Driving,Namco,63,0.15,815.303,Nintendo DS,2004
Darkstalkers Chronicle: The Chaos Tower,Action,Capcom,74,0.14,1225.003,Sony PSP,2004
Ape Escape Academy,"Action,Sports",Sony,51,0.13,1225.003,Sony PSP,2004
Polarium,Strategy,Nintendo,73,0.12,733.363,Nintendo DS,2004
Asphalt: Urban GT,"Racing / Driving,Simulation",Ubisoft,60,0.11,1225.003,Nintendo DS,2004
Zoo Keeper,Action,,74,0.1,1225.003,Nintendo DS,2004
Mr. DRILLER: Drill Spirits,Action,Namco,72,0.09,1225.003,Nintendo DS,2004
Sprung,Adventure,Ubisoft,48,0.06,733.363,Nintendo DS,2004
Armored Core: Formula Front - Extreme Battle,"Action,Strategy",,66,0.05,1388.883,Sony PSP,2004
Puyo Pop Fever,"Action,Strategy",Sega,76,0.04,1634.703,Nintendo DS,2004
Mario Kart DS,Racing / Driving,Nintendo,91,9.99,2454.103,Nintendo DS,2005
Nintendogs,Simulation,Nintendo,83,9.72,2208.283,Nintendo DS,2005
Brain Age: Train Your Brain in Minutes a Day!,Action,Nintendo,77,5.07,1470.823,Nintendo DS,2005
Brain Agey: More Training in Minutes a Day!,Action,Nintendo,77,3.65,1470.823,Nintendo DS,2005
Grand Theft Auto: Liberty City Stories,"Action,Racing / Driving","Capcom,Rockstar",88,2.97,1470.823,Sony PSP,2005
Animal Crossing: Wild World,Simulation,Nintendo,86,2.6,2044.403,Nintendo DS,2005
Big Brain Academy,Action,Nintendo,74,1.77,1388.883,Nintendo DS,2005
Call of Duty 2,Action,"Activision,Konami",89,1.69,1470.823,X360,2005
Midnight Club 3: DUB Edition,Racing / Driving,Rockstar,74,1.69,1225.003,Sony PSP,2005
Need for Speed: Most Wanted 5-1-0,Racing / Driving,EA,72,1.67,1225.003,Sony PSP,2005
Pokmon Mystery Dungeon: Blue Rescue Team,Role-Playing (RPG),Nintendo,62,1.22,1225.003,Nintendo DS,2005
Sonic Rush,Action,Sega,82,1.2,1225.003,Nintendo DS,2005
Star Wars: Battlefront II,Action,,69,1.09,1388.883,Sony PSP,2005
SOCOM: U.S. Navy SEALs - Fireteam Bravo,Action,Sony,82,1.07,1225.003,Sony PSP,2005
Need for Speed: Most Wanted,Racing / Driving,EA,83,0.95,1470.823,X360,2005
Zoo Tycoon DS,"Simulation,Strategy",THQ,44,0.92,1061.123,Nintendo DS,2005
The Sims 2,"Role-Playing (RPG),Simulation",EA,70,0.83,1470.823,Nintendo DS,2005
Mario & Luigi: Partners in Time,"Action,Role-Playing (RPG)",Nintendo,86,0.75,2454.103,Nintendo DS,2005
Madden NFL 06,Sports,EA,75,0.75,651.423,Sony PSP,2005
Need for Speed Underground: Rivals,Racing / Driving,EA,74,0.73,1470.823,Sony PSP,2005
Twisted Metal: Head-On,"Action,Racing / Driving",Sony,79,0.73,1225.003,Sony PSP,2005
Perfect Dark Zero,Action,Microsoft,79,0.7,1470.823,X360,2005
Super Monkey Ball: Touch & Roll,Action,Sega,63,0.7,1306.943,Nintendo DS,2005
Super Princess Peach,Action,Nintendo,75,0.7,2454.103,Nintendo DS,2005
Burnout Legends,"Action,Racing / Driving",EA,86,0.68,1225.003,Sony PSP,2005
Madden NFL 06,Sports,EA,74,0.62,405.603,X360,2005
Clubhouse Games,Strategy,Nintendo,83,0.61,1470.823,Nintendo DS,2005
ATV Offroad Fury: Blazin' Trails,"Racing / Driving,Sports",Sony,63,0.56,1061.123,Sony PSP,2005
Untold Legends: Brotherhood of the Blade,"Action,Role-Playing (RPG)","Activision,Sony",68,0.56,1061.123,Sony PSP,2005
Tony Hawk's Underground 2: Remix,Sports,Activision,83,0.49,1225.003,Sony PSP,2005
The Sims 2,"Simulation,Strategy",EA,65,0.46,1225.003,Sony PSP,2005
WipEout Pure,"Action,Racing / Driving",Sony,88,0.45,1061.123,Sony PSP,2005
NBA Live 06,Sports,EA,80,0.42,815.303,Sony PSP,2005
WWE Smackdown vs. Raw 2006,"Action,Sports",THQ,81,0.38,1225.003,Sony PSP,2005
Dead or Alive 4,Action,,85,0.38,1470.823,X360,2005
Phoenix Wright: Ace Attorney,"Adventure,Simulation",Capcom,81,0.38,2044.403,Nintendo DS,2005
Spider-Man 2,Action,Activision,67,0.38,1225.003,Sony PSP,2005
NFL Street 2,Sports,EA,73,0.37,1470.823,Sony PSP,2005
Kirby: Canvas Curse,Action,Nintendo,86,0.37,1470.823,Nintendo DS,2005
Battlefield 2: Modern Combat,Action,EA,77,0.36,1388.883,X360,2005
Yoshi Touch & Go,Action,Nintendo,73,0.36,1470.823,Nintendo DS,2005
Tiger Woods PGA Tour 06,Sports,EA,71,0.33,815.303,X360,2005
Condemned: Criminal Origins,"Action,Adventure",Sega,81,0.33,1225.003,X360,2005
Peter Jackson's King Kong: The Official Game of...,Action,Ubisoft,80,0.32,1225.003,X360,2005
Castlevania: Dawn of Sorrow,"Action,Role-Playing (RPG)",Konami,89,0.31,1470.823,Nintendo DS,2005
SpongeBob SquarePants: The Yellow Avenger,Action,THQ,67,0.31,1143.063,Nintendo DS,2005
Marvel Nemesis: Rise of the Imperfects ,Action,EA,58,0.31,1470.823,Sony PSP,2005
Kameo: Elements of Power,Action,Microsoft,79,0.31,979.183,X360,2005
Advance Wars: Dual Strike,Strategy,Nintendo,90,0.3,1470.823,Nintendo DS,2005
Trauma Center: Under the Knife,"Action,Simulation",Nintendo,81,0.3,1306.943,Nintendo DS,2005
Coded Arms,Action,Konami,59,0.3,1061.123,Sony PSP,2005
NBA LIVE 06 ,Sports,EA,64,0.29,405.603,X360,2005
Tony Hawk's American Wasteland,Sports,Activision,75,0.29,1225.003,X360,2005
Star Wars: Episode III - Revenge of the Sith,Action,Ubisoft,73,0.28,1388.883,Nintendo DS,2005
Capcom Classics Collection Remixed,Action,Capcom,72,0.28,1470.823,Sony PSP,2005
Madagascar,Adventure,Activision,66,0.27,1225.003,Nintendo DS,2005
X-Men: Legends II - Rise of Apocalypse,"Action,Role-Playing (RPG)",Activision,84,0.27,1470.823,Sony PSP,2005
Quake 4,Action,Activision,75,0.27,1225.003,X360,2005
Pokmon Trozei!,Strategy,Nintendo,74,0.26,1634.703,Nintendo DS,2005
Need for Speed: Most Wanted,Racing / Driving,EA,45,0.25,1306.943,Nintendo DS,2005
Mega Man Maverick Hunter X,Action,Capcom,79,0.25,1470.823,Sony PSP,2005
Metroid Prime Pinball,"Action,Simulation",Nintendo,79,0.22,1470.823,Nintendo DS,2005
NBA 06,Sports,Sony,72,0.22,815.303,Sony PSP,2005
GUN ,"Action,Racing / Driving,Role-Playing (RPG)",Activision,75,0.22,1634.703,X360,2005
NBA 2K6 ,Sports,2K,81,0.22,405.603,X360,2005
Pinball Hall of Fame: The Gottlieb Collection,Action,,73,0.21,815.303,Sony PSP,2005
Harry Potter and the Goblet of Fire,Action,EA,68,0.21,1470.823,Nintendo DS,2005
Tony Hawk's American Sk8land,Sports,Activision,84,0.21,1388.883,Nintendo DS,2005
MVP Baseball,Sports,EA,67,0.21,405.603,Sony PSP,2005
Tiger Woods PGA Tour,Sports,EA,78,0.21,1470.823,Sony PSP,2005
World Series of Poker,"Sports,Strategy",Activision,37,0.21,1225.003,Sony PSP,2005
SSX on Tour,Sports,EA,79,0.2,1388.883,Sony PSP,2005
Tiger Woods PGA Tour 06,Sports,EA,80,0.2,815.303,Sony PSP,2005
Death Jr.,Action,Konami,61,0.19,815.303,Sony PSP,2005
Harry Potter and the Goblet of Fire,Action,EA,70,0.19,1470.823,Sony PSP,2005
MediEvil Resurrection,Action,Sony,66,0.19,1470.823,Sony PSP,2005
"The Chronicles of Narnia: The Lion, the Witch a...","Action,Role-Playing (RPG)",,65,0.18,1061.123,Nintendo DS,2005
Shrek SuperSlam,Action,Activision,56,0.18,979.183,Nintendo DS,2005
Virtua Tennis: World Tour,Sports,Sega,84,0.18,1225.003,Sony PSP,2005
Prince of Persia: Revelations,Action,Ubisoft,65,0.17,569.483,Sony PSP,2005
Burnout Legends,"Action,Racing / Driving",EA,38,0.16,1470.823,Nintendo DS,2005
Meteos,Strategy,Nintendo,88,0.16,1306.943,Nintendo DS,2005
Spyro: Shadow Legacy,Role-Playing (RPG),,50,0.15,1470.823,Nintendo DS,2005
The Con,Action,Sony,63,0.15,733.363,Sony PSP,2005
Infected,Action,,74,0.15,1470.823,Sony PSP,2005
Pursuit Force,"Action,Racing / Driving",Sony,75,0.14,1225.003,Sony PSP,2005
Kingdom of Paradise,"Action,Role-Playing (RPG)",Sony,72,0.13,1061.123,Sony PSP,2005
Dragon Ball Z: Supersonic Warriors 2,Action,Atari,66,0.13,1880.523,Nintendo DS,2005
Dragon Quest Heroes: Rocket Slime,Action,SquareEnix,83,0.13,1061.123,Nintendo DS,2005
Dead to Rights: Reckoning,Action,Namco,54,0.13,1225.003,Sony PSP,2005
Amped 3,Sports,2K,72,0.13,1225.003,X360,2005
Break 'em All,Action,,68,0.12,1470.823,Nintendo DS,2005
Lunar: Dragon Song,Role-Playing (RPG),Ubisoft,59,0.12,1225.003,Nintendo DS,2005
Madden NFL 06,Sports,EA,66,0.12,815.303,Nintendo DS,2005
Retro Atari Classics,"Action,Racing / Driving,Simulation",Atari,51,0.12,1061.123,Nintendo DS,2005
True Swing Golf,Sports,Nintendo,66,0.12,1225.003,Nintendo DS,2005
FIFA Soccer,Sports,EA,73,0.12,1225.003,Sony PSP,2005
Metal Gear Ac!d 2,Strategy,Konami,80,0.12,1061.123,Sony PSP,2005
ATV Quad Frenzy,"Racing / Driving,Sports",,35,0.11,1225.003,Nintendo DS,2005
Bomberman,Strategy,Ubisoft,75,0.11,1470.823,Nintendo DS,2005
GoldenEye: Rogue Agent,Action,EA,58,0.11,1225.003,Nintendo DS,2005
Need for Speed Underground 2,Racing / Driving,EA,65,0.11,1880.523,Nintendo DS,2005
Frogger: Helmet Chaos,Action,Konami,66,0.11,1634.703,Sony PSP,2005
The Lord of the Rings: Tactics,"Role-Playing (RPG),Strategy",EA,64,0.11,1634.703,Sony PSP,2005
Rengoku: The Tower of Purgatory,"Action,Role-Playing (RPG)",Konami,43,0.11,1061.123,Sony PSP,2005
Gretzky NHL,Sports,Sony,61,0.1,815.303,Sony PSP,2005
Ridge Racer 6,Racing / Driving,"EA,Namco",74,0.1,1225.003,X360,2005
Ford Racing 3,"Action,Racing / Driving",,49,0.1,1225.003,Nintendo DS,2005
NHL 2K6 ,Sports,2K,75,0.1,487.543,X360,2005
Bust-a-Move DS,"Action,Strategy",,75,0.09,1470.823,Nintendo DS,2005
Battles of Prince of Persia,Strategy,Ubisoft,64,0.09,1225.003,Nintendo DS,2005
GripShift,Racing / Driving,Ubisoft,70,0.09,815.303,Sony PSP,2005
Marvel Nemesis: Rise of the Imperfects ,Action,EA,34,0.08,1225.003,Nintendo DS,2005
Scooby-Doo! Unmasked,Action,THQ,60,0.08,1470.823,Nintendo DS,2005
Viewtiful Joe: Double Trouble!,Action,Capcom,73,0.08,1225.003,Nintendo DS,2005
The Legend of Heroes: A Tear of Vermillion,Role-Playing (RPG),,68,0.08,1470.823,Sony PSP,2005
PQ: Practical Intelligence Quotient,Strategy,,69,0.08,1225.003,Sony PSP,2005
Lost in Blue,Role-Playing (RPG),Konami,69,0.07,2044.403,Nintendo DS,2005
Ghost in the Shell: Stand Alone Complex,Action,Sony,61,0.07,1225.003,Sony PSP,2005
Dig Dug: Digging Strike,Action,Namco,65,0.06,1388.883,Nintendo DS,2005
Frogger: Helmet Chaos,Action,Konami,69,0.06,1470.823,Nintendo DS,2005
Mega Man Battle Network 5: Double Team DS,"Action,Role-Playing (RPG)",Capcom,68,0.06,1470.823,Nintendo DS,2005
Nanostray,Action,THQ,71,0.06,1470.823,Nintendo DS,2005
Sega Casino,Simulation,Sega,61,0.06,1470.823,Nintendo DS,2005
Teenage Mutant Ninja Turtles 3: Mutant Nightmare,"Action,Adventure",Konami,58,0.06,1470.823,Nintendo DS,2005
Pac-Man World 3,Action,"EA,Namco",61,0.06,2044.403,Sony PSP,2005
Tokobot,Strategy,,72,0.06,1470.823,Sony PSP,2005
Fullmetal Alchemist: Dual Sympathy,Action,,58,0.05,1225.003,Nintendo DS,2005
Exit,Action,Ubisoft,77,0.05,815.303,Sony PSP,2005
Bubble Bobble Revolution,Action,,38,0.04,1470.823,Nintendo DS,2005
The Rub Rabbits!,"Action,Adventure",Sega,68,0.02,1470.823,Nintendo DS,2005
Electroplankton,Simulation,Nintendo,71,0.01,2454.103,Nintendo DS,2005
LifeSigns: Surgical Unit,"Simulation,Strategy",,61,0.01,1880.523,Nintendo DS,2005
Space Invaders Revolution,Action,,49,0.01,1143.063,Nintendo DS,2005
Wii Play,"Action,Sports",Nintendo,58,14.66,1225.003,Nintendo Wii,2006
New Super Mario Bros.,Action,Nintendo,89,10.03,2290.223,Nintendo DS,2006
Pokmon Diamond,Role-Playing (RPG),Nintendo,85,6.77,2290.223,Nintendo DS,2006
Pokmon Pearl,Role-Playing (RPG),Nintendo,85,6.77,2208.283,Nintendo DS,2006
Gears of War,Action,Microsoft,94,3.7,1634.703,X360,2006
The Legend of Zelda: Twilight Princess,"Action,Role-Playing (RPG)",Nintendo,95,3.33,3273.503,Nintendo Wii,2006
Cooking Mama,Simulation,,67,2.9,1470.823,Nintendo DS,2006
Marvel Ultimate Alliance,"Action,Role-Playing (RPG)",Activision,82,2.42,1225.003,X360,2006
Daxter,Action,Sony,85,2.38,1225.003,Sony PSP,2006
The Elder Scrolls IV: Oblivion,"Action,Role-Playing (RPG)",2K,94,2.12,1634.703,X360,2006
Madden NFL 07,Sports,EA,80,1.77,405.603,X360,2006
Grand Theft Auto: Vice City Stories,"Action,Racing / Driving",Rockstar,86,1.72,1470.823,Sony PSP,2006
Resistance: Fall of Man,Action,Sony,86,1.61,1634.703,PlayStation 3,2006
MotorStorm,"Action,Racing / Driving,Sports",Sony,82,1.58,1388.883,PlayStation 3,2006
Call of Duty 3,Action,Activision,82,1.51,1388.883,X360,2006
Yoshi's Island DS,Action,Nintendo,81,1.49,2290.223,Nintendo DS,2006
Tom Clancy's Ghost Recon: Advanced Warfighter,Action,Ubisoft,90,1.46,1225.003,X360,2006
Fight Night Round 3,"Action,Sports",EA,86,1.4,1225.003,X360,2006
Pokmon Ranger,Role-Playing (RPG),Nintendo,69,1.36,1634.703,Nintendo DS,2006
Rayman Raving Rabbids,Action,Ubisoft,76,1.26,1470.823,Nintendo Wii,2006
Saints Row,"Action,Racing / Driving",THQ,81,1.23,1225.003,X360,2006
Tom Clancy's Rainbow Six: Vegas,Action,Ubisoft,88,1.19,1225.003,X360,2006
Dead Rising,Action,Capcom,85,1.16,1388.883,X360,2006
Call of Duty 3,Action,Activision,69,1.15,1634.703,Nintendo Wii,2006
Lost Planet: Extreme Condition,Action,Capcom,79,1.15,1061.123,X360,2006
Mario Hoops 3 on 3,Sports,Nintendo,69,1.03,1880.523,Nintendo DS,2006
LEGO Star Wars II: The Original Trilogy,Action,EA,47,1.02,1470.823,Nintendo DS,2006
Super Monkey Ball: Banana Blitz,Action,Sega,74,1,1225.003,Nintendo Wii,2006
The Sims 2: Pets,Simulation,EA,49,0.97,1225.003,Nintendo DS,2006
Need for Speed: Carbon - Own the City,Racing / Driving,EA,73,0.93,1388.883,Sony PSP,2006
WarioWare: Smooth Moves,"Action,Racing / Driving,Sports",Nintendo,83,0.9,3273.503,Nintendo Wii,2006
Fight Night Round 3,"Action,Sports",EA,83,0.86,1143.063,PlayStation 3,2006
Final Fantasy III,Role-Playing (RPG),SquareEnix,77,0.86,1470.823,Nintendo DS,2006
SOCOM: U.S. Navy SEALs - Fireteam Bravo 2,Action,Sony,81,0.86,1388.883,Sony PSP,2006
Madden NFL 07,Sports,EA,78,0.83,815.303,Sony PSP,2006
Monster 4x4: World Circuit,Racing / Driving,Ubisoft,51,0.82,1061.123,Nintendo Wii,2006
Kirby: Squeak Squad,Action,Nintendo,71,0.82,2290.223,Nintendo DS,2006
Pokmon Battle Revolution,"Action,Strategy",Nintendo,53,0.81,3273.503,Nintendo Wii,2006
Medal of Honor: Heroes,Action,EA,71,0.81,1225.003,Sony PSP,2006
Tekken: Dark Resurrection,Action,"Namco,Sony",88,0.81,1470.823,Sony PSP,2006
Need for Speed: Carbon,Racing / Driving,EA,77,0.78,1388.883,X360,2006
Mario vs. Donkey Kong 2: March of the Minis,Action,Nintendo,76,0.77,2290.223,Nintendo DS,2006
Sonic Rivals,"Action,Racing / Driving",Sega,64,0.76,1470.823,Sony PSP,2006
NCAA Football 07,Sports,EA,79,0.7,405.603,X360,2006
Mortal Kombat: Unchained,Action,Midway,70,0.67,1470.823,Sony PSP,2006
Tom Clancy's Splinter Cell: Double Agent,Action,Ubisoft,85,0.67,1470.823,X360,2006
Tetris DS,Strategy,Nintendo,84,0.66,1470.823,Nintendo DS,2006
LEGO Star Wars II: The Original Trilogy,Action,,83,0.61,1470.823,Sony PSP,2006
Red Steel,Action,Ubisoft,63,0.58,1225.003,Nintendo Wii,2006
Metroid Prime: Hunters,Action,Nintendo,85,0.58,2290.223,Nintendo DS,2006
LEGO Star Wars II: The Original Trilogy,Action,,81,0.57,1225.003,X360,2006
NBA 2K7 ,Sports,2K,84,0.56,405.603,X360,2006
SEGA Genesis Collection,"Action,Racing / Driving,Role-Playing (RPG),Strategy",Sega,82,0.55,1470.823,Sony PSP,2006
Call of Duty 3,Action,Activision,80,0.52,1634.703,PlayStation 3,2006
NBA Live 07,Sports,EA,64,0.51,651.423,Sony PSP,2006
Madden NFL 07,Sports,EA,76,0.49,569.483,PlayStation 3,2006
SpongeBob SquarePants: The Yellow Avenger,Action,THQ,48,0.49,1061.123,Sony PSP,2006
Madden NFL 07,Sports,EA,81,0.48,815.303,Nintendo Wii,2006
Fight Night Round 3,"Action,Simulation,Sports",EA,74,0.48,1388.883,Sony PSP,2006
Need for Speed: Carbon,Racing / Driving,EA,75,0.47,1470.823,PlayStation 3,2006
Need for Speed: Carbon,Racing / Driving,EA,67,0.47,1470.823,Nintendo Wii,2006
WWE SmackDown vs. Raw 2007,Sports,THQ,81,0.45,1061.123,X360,2006
Tiger Woods PGA Tour 07,Sports,EA,80,0.45,815.303,X360,2006
Viva Pi$?ata,"Simulation,Strategy",Microsoft,84,0.44,1388.883,X360,2006
SpongeBob Squarepants: Creature from the Krusty Krab,"Action,Adventure",THQ,57,0.44,1225.003,Nintendo Wii,2006
Tony Hawk's Project 8,Sports,Activision,68,0.42,1470.823,Sony PSP,2006
Tony Hawk's Project 8,Sports,Activision,81,0.42,1388.883,X360,2006
NBA LIVE 07 ,Sports,EA,59,0.42,405.603,X360,2006
Excite Truck,Racing / Driving,Nintendo,72,0.4,1634.703,Nintendo Wii,2006
Harvest Moon DS,"Role-Playing (RPG),Simulation",,67,0.4,1470.823,Nintendo DS,2006
Star Fox Command,Action,Nintendo,76,0.39,1225.003,Nintendo DS,2006
Metal Gear Solid: Portable Ops,"Action,Strategy",Konami,87,0.39,1470.823,Sony PSP,2006
Marvel Ultimate Alliance,"Action,Role-Playing (RPG)",Activision,73,0.38,1470.823,Nintendo Wii,2006
Blazing Angels: Squadrons of WWII,Action,Ubisoft,66,0.37,1388.883,X360,2006
Major League Baseball 2K6,Sports,2K,66,0.37,405.603,X360,2006
NCAA Football 07,Sports,EA,75,0.36,815.303,Sony PSP,2006
MLB 06: The Show,Sports,Sony,83,0.35,815.303,Sony PSP,2006
Blazing Angels: Squadrons of WWII,Action,Ubisoft,67,0.35,1388.883,PlayStation 3,2006
WWE SmackDown vs. Raw 2007,Sports,THQ,78,0.34,1225.003,Sony PSP,2006
Rune Factory: A Fantasy Harvest Moon,"Role-Playing (RPG),Simulation",,78,0.34,2044.403,Nintendo DS,2006
Marvel Ultimate Alliance,"Action,Role-Playing (RPG)",Activision,81,0.34,1880.523,Sony PSP,2006
Marvel Ultimate Alliance,"Action,Role-Playing (RPG)",Activision,78,0.33,2044.403,PlayStation 3,2006
Tiger Woods PGA Tour 07,Sports,EA,81,0.32,1225.003,PlayStation 3,2006
Ace Combat X: Skies of Deception,"Action,Simulation",Namco,75,0.32,1880.523,Sony PSP,2006
Killzone: Liberation,"Action,Strategy",Sony,77,0.32,1388.883,Sony PSP,2006
F.E.A.R.: First Encounter Assault Recon,Action,,85,0.32,1470.823,X360,2006
NBA 2K7,Sports,2K,80,0.31,651.423,PlayStation 3,2006
Tony Hawk's Project 8,Sports,Activision,76,0.3,1225.003,PlayStation 3,2006
Avatar: The Last Airbender,Action,THQ,64,0.3,1470.823,Nintendo DS,2006
Castlevania: Portrait of Ruin,Action,Konami,85,0.3,1470.823,Nintendo DS,2006
Hitman: Blood Money,Action,Eidos,82,0.29,1880.523,X360,2006
Rockstar Games presents Table Tennis,Sports,Rockstar,81,0.28,815.303,X360,2006
Trauma Center: Second Opinion,"Action,Simulation",Nintendo,80,0.28,1470.823,Nintendo Wii,2006
Tenchu Z,Action,Microsoft,56,0.28,1225.003,X360,2006
Elite Beat Agents,Action,Nintendo,87,0.27,815.303,Nintendo DS,2006
Street Fighter Alpha 3 MAX,Action,Capcom,80,0.27,1225.003,Sony PSP,2006
Blue Dragon,Role-Playing (RPG),Microsoft,79,0.27,1225.003,X360,2006
The Lord of the Rings: The Battle for Middle Ea...,Strategy,EA,79,0.27,1634.703,X360,2006
Prey,Action,2K,79,0.27,1225.003,X360,2006
Over the Hedge,Adventure,Activision,71,0.26,1388.883,Nintendo DS,2006
Capcom Classics Collection Reloaded,Action,Capcom,75,0.26,1470.823,Sony PSP,2006
Pirates of the Caribbean: Dead Man's Chest,Action,,52,0.26,1225.003,Sony PSP,2006
NHL 07 ,Sports,EA,79,0.26,487.543,X360,2006
Monster Hunter Freedom,"Action,Strategy",Capcom,71,0.25,1061.123,Sony PSP,2006
Chromehounds,"Action,Simulation,Strategy",Sega,71,0.25,1225.003,X360,2006
Test Drive Unlimited,Racing / Driving,Atari,82,0.25,1470.823,X360,2006
Dragon Ball Z: Budokai Tenkaichi 2,Action,Atari,72,0.24,1225.003,Nintendo Wii,2006
Dragon Quest Monsters: Joker,Role-Playing (RPG),SquareEnix,75,0.24,1225.003,Nintendo DS,2006
Pirates of the Caribbean: Dead Man's Chest,Action,,63,0.24,979.183,Nintendo DS,2006
NFL Street 3,"Action,Sports",EA,68,0.24,1225.003,Sony PSP,2006
Syphon Filter: Dark Mirror,Action,Sony,87,0.24,1061.123,Sony PSP,2006
NBA 07,Sports,Sony,63,0.23,569.483,PlayStation 3,2006
Ridge Racer 7,Racing / Driving,"Namco,Sony",78,0.23,1634.703,PlayStation 3,2006
The Outfit,Action,THQ,70,0.23,1225.003,X360,2006
Elebits,Action,Konami,75,0.22,1225.003,Nintendo Wii,2006
Tony Hawk's Downhill Jam,"Racing / Driving,Sports",Activision,76,0.22,1225.003,Nintendo DS,2006
The Sims 2: Pets,Simulation,EA,57,0.21,1470.823,Sony PSP,2006
Tiger Woods PGA Tour 07,Sports,EA,78,0.21,1061.123,Sony PSP,2006
Thrillville,"Simulation,Strategy",Atari,72,0.2,1225.003,Sony PSP,2006
The Godfather: The Game,Action,EA,77,0.2,1470.823,X360,2006
Rampage: Total Destruction,Action,Midway,46,0.19,1388.883,Nintendo Wii,2006
College Hoops 2K7,Sports,2K,82,0.19,569.483,X360,2006
Far Cry: Instincts - Predator,Action,Ubisoft,78,0.19,1470.823,X360,2006
Full Auto,"Action,Racing / Driving",Sega,70,0.19,1388.883,X360,2006
Age of Empires: The Age of Kings,Strategy,,80,0.19,1470.823,Nintendo DS,2006
Need for Speed: Carbon - Own the City,"Action,Racing / Driving",EA,70,0.19,1225.003,Nintendo DS,2006
Brothers in Arms: D-Day,Action,Ubisoft,65,0.19,569.483,Sony PSP,2006
Family Guy Video Game!,Action,2K,51,0.19,1634.703,Sony PSP,2006
Superman Returns,Action,EA,51,0.19,651.423,X360,2006
Over G Fighters,Simulation,Ubisoft,49,0.18,1470.823,X360,2006
Final Fantasy XI Online,"Action,Role-Playing (RPG)",SquareEnix,66,0.18,405.603,X360,2006
Mystery Dungeon: Shiren the Wanderer,"Action,Role-Playing (RPG)",Sega,69,0.17,1470.823,Nintendo DS,2006
Phoenix Wright: Ace Attorney - Justice for All,"Adventure,Simulation",Capcom,76,0.17,1143.063,Nintendo DS,2006
Justice League Heroes,Action,,72,0.17,1470.823,Sony PSP,2006
Valhalla Knights,"Action,Role-Playing (RPG)",,53,0.17,1388.883,Sony PSP,2006
Genji: Days of the Blade,"Action,Role-Playing (RPG)",Sony,55,0.17,1225.003,PlayStation 3,2006
Top Spin 2,Sports,2K,75,0.16,1061.123,X360,2006
Field Commander,Strategy,"Sony,Ubisoft",77,0.16,1225.003,Sony PSP,2006
Children of Mana,"Action,Role-Playing (RPG)","Nintendo,SquareEnix",65,0.16,1388.883,Nintendo DS,2006
Valkyrie Profile: Lenneth,Role-Playing (RPG),SquareEnix,80,0.16,1880.523,Sony PSP,2006
Monster House,Action,THQ,62,0.15,1225.003,Nintendo DS,2006
Enchanted Arms,Role-Playing (RPG),Ubisoft,69,0.15,1470.823,X360,2006
NHL 07,Sports,EA,76,0.14,1061.123,Sony PSP,2006
Bust-a-Move Deluxe,Strategy,,73,0.14,1225.003,Sony PSP,2006
Full Auto 2: Battlelines,"Action,Racing / Driving",Sega,67,0.14,1225.003,PlayStation 3,2006
Blitz: The League,Sports,Midway,69,0.14,1225.003,X360,2006
Star Trek Legacy,"Action,Strategy",Ubisoft,64,0.14,2044.403,X360,2006
Eragon,"Action,Role-Playing (RPG)",,63,0.14,1388.883,Nintendo DS,2006
Master of Illusion,Strategy,Nintendo,69,0.14,1225.003,Nintendo DS,2006
Mega Man ZX,Action,Capcom,76,0.14,1634.703,Nintendo DS,2006
Untold Legends: The Warrior's Code,"Action,Role-Playing (RPG)","Sony,Ubisoft",65,0.14,1225.003,Sony PSP,2006
Super Swing Golf,Sports,,72,0.14,1388.883,Nintendo Wii,2006
X-Men: The Official Game,Action,Activision,52,0.14,1225.003,X360,2006
Untold Legends: Dark Kingdom,"Action,Role-Playing (RPG)","EA,Sony",58,0.13,1388.883,PlayStation 3,2006
Happy Feet,Action,Midway,46,0.13,1225.003,Nintendo Wii,2006
Open Season,Action,Ubisoft,72,0.13,1470.823,Nintendo DS,2006
Dungeon Siege: Throne of Agony,Role-Playing (RPG),2K,74,0.13,2044.403,Sony PSP,2006
LocoRoco,"Action,Strategy",Sony,83,0.13,1470.823,Sony PSP,2006
Dead or Alive: Xtreme 2,"Racing / Driving,Sports",,53,0.13,1225.003,X360,2006
Fuzion Frenzy 2,"Action,Sports",Microsoft,49,0.12,1225.003,X360,2006
MotoGP '06,"Racing / Driving,Simulation,Sports",THQ,80,0.12,1225.003,X360,2006
Lumines II,Strategy,,81,0.12,1225.003,Sony PSP,2006
Major League Baseball 2K6,Sports,2K,69,0.12,405.603,Sony PSP,2006
Star Wars: Lethal Alliance,Action,Ubisoft,61,0.12,1470.823,Sony PSP,2006
Worms: Open Warfare,"Action,Strategy",THQ,70,0.12,1470.823,Sony PSP,2006
Eragon,Action,,59,0.11,1225.003,Sony PSP,2006
Metal Slug Anthology,Action,,73,0.11,1388.883,Nintendo Wii,2006
Open Season,Action,Ubisoft,59,0.11,1225.003,X360,2006
Tom Clancy's Splinter Cell: Double Agent,Action,Ubisoft,61,0.11,1470.823,Nintendo Wii,2006
Avatar: The Last Airbender,Action,THQ,57,0.11,1470.823,Sony PSP,2006
Lemmings,Strategy,Sony,76,0.11,1470.823,Sony PSP,2006
Mega Man Powered Up,Action,Capcom,82,0.11,1388.883,Sony PSP,2006
College Hoops 2K6,Sports,2K,70,0.11,569.483,X360,2006
Dynasty Warriors 5: Empires,"Action,Role-Playing (RPG),Strategy",,61,0.1,1225.003,X360,2006
Magical Starsign,Role-Playing (RPG),Nintendo,69,0.1,815.303,Nintendo DS,2006
Resident Evil: Deadly Silence,Action,Capcom,71,0.1,1470.823,Nintendo DS,2006
X-Men: The Official Game,Action,Activision,50,0.1,1225.003,Nintendo DS,2006
Cabela's African Safari,Sports,Activision,53,0.1,1470.823,X360,2006
Cabela's Alaskan Adventures,Sports,Activision,48,0.1,1470.823,X360,2006
Armored Core 4,Action,Sega,65,0.09,1634.703,PlayStation 3,2006
Eragon,Action,,48,0.09,1061.123,X360,2006
LostMagic,"Action,Role-Playing (RPG)",Ubisoft,68,0.09,1225.003,Nintendo DS,2006
Magnetica,"Action,Strategy",Nintendo,68,0.09,1470.823,Nintendo DS,2006
Def Jam Fight for NY: The Takeover,Action,EA,79,0.09,1470.823,Sony PSP,2006
NASCAR 07,"Racing / Driving,Simulation",EA,66,0.09,2044.403,Sony PSP,2006
The Ant Bully,Action,Midway,45,0.09,1388.883,Nintendo Wii,2006
Just Cause,"Action,Racing / Driving",Eidos,73,0.09,1388.883,X360,2006
Onechanbara: Bikini Samurai Squad,Action,,39,0.09,1634.703,X360,2006
Phantasy Star Universe,Role-Playing (RPG),Sega,64,0.09,2044.403,X360,2006
Project Sylpheed: Arc of Deception,Action,"Microsoft,SquareEnix",64,0.09,1225.003,X360,2006
Winning Eleven: Pro Evolution Soccer 2007,Sports,Konami,80,0.08,979.183,X360,2006
Kororinpa: Marble Mania,"Action,Strategy",Nintendo,69,0.08,1470.823,Nintendo Wii,2006
Digimon World DS,Role-Playing (RPG),Namco,49,0.08,2290.223,Nintendo DS,2006
Justice League Heroes,Action,,43,0.08,1470.823,Nintendo DS,2006
Innocent Life: A Futuristic Harvest Moon,"Role-Playing (RPG),Simulation,Strategy",,67,0.08,1470.823,Sony PSP,2006
Power Stone Collection,Action,Capcom,74,0.08,1225.003,Sony PSP,2006
EA Replay,"Action,Role-Playing (RPG),Simulation,Sports,Strategy",EA,56,0.07,1225.003,Sony PSP,2006
Open Season,Action,Ubisoft,49,0.07,1470.823,Nintendo Wii,2006
Samurai Warriors 2,Action,,52,0.07,1225.003,X360,2006
Far Cry: Vengeance,Action,Ubisoft,38,0.07,1388.883,Nintendo Wii,2006
Import Tuner Challenge,Racing / Driving,Ubisoft,54,0.07,1470.823,X360,2006
Contact,"Adventure,Role-Playing (RPG)",,73,0.07,1225.003,Nintendo DS,2006
Touch Detective,Adventure,,60,0.07,1225.003,Nintendo DS,2006
FIFA Street 2,Sports,EA,58,0.07,1470.823,Sony PSP,2006
007: From Russia with Love,"Action,Racing / Driving",EA,61,0.07,1470.823,Sony PSP,2006
PaRappa the Rapper,Action,Sony,67,0.07,1061.123,Sony PSP,2006
Riviera: The Promised Land,Role-Playing (RPG),,68,0.07,1470.823,Sony PSP,2006
Samurai Warriors: State of War,Action,,64,0.07,1470.823,Sony PSP,2006
Viewtiful Joe: Red Hot Rumble,Action,Capcom,63,0.07,1225.003,Sony PSP,2006
Ice Age 2: The Meltdown,Action,,66,0.07,1470.823,Nintendo Wii,2006
Rumble Roses XX,"Action,Sports",Konami,62,0.06,1470.823,X360,2006
Bionicle Heroes,Action,Eidos,72,0.06,1388.883,Nintendo DS,2006
Deep Labyrinth,Role-Playing (RPG),,57,0.06,897.243,Nintendo DS,2006
Blade Dancer: Lineage of Light,Role-Playing (RPG),,60,0.06,1388.883,Sony PSP,2006
Every Extend Extra,Action,,74,0.06,979.183,Sony PSP,2006
Ultimate Ghosts 'N' Goblins,Action,Capcom,72,0.06,1470.823,Sony PSP,2006
Xiaolin Showdown,Action,Konami,44,0.06,1225.003,Sony PSP,2006
Bionicle Heroes,Action,Eidos,59,0.06,1225.003,X360,2006
Bullet Witch,Action,Atari,55,0.06,1388.883,X360,2006
Death Jr. II: Root of Evil,Action,Konami,68,0.05,1225.003,Sony PSP,2006
Alex Rider: Stormbreaker,"Action,Adventure",THQ,48,0.05,1061.123,Nintendo DS,2006
Cartoon Network Racing,Racing / Driving,,55,0.05,1225.003,Nintendo DS,2006
Guilty Gear: Dust Strikers,Action,,60,0.05,1225.003,Nintendo DS,2006
Gunpey DS,Strategy,Namco,70,0.05,1061.123,Nintendo DS,2006
Lara Croft Tomb Raider: Legend,"Action,Racing / Driving",Eidos,58,0.05,1470.823,Nintendo DS,2006
Worms: Open Warfare,"Action,Strategy",THQ,64,0.05,1470.823,Nintendo DS,2006
Mercury Meltdown,Strategy,,78,0.05,1061.123,Sony PSP,2006
MTX Mototrax,"Racing / Driving,Sports",Activision,67,0.05,1634.703,Sony PSP,2006
Snoopy vs. the Red Baron,Action,Namco,76,0.05,1470.823,Sony PSP,2006
Super Monkey Ball Adventure,"Action,Racing / Driving",Sega,56,0.05,2044.403,Sony PSP,2006
Ys VI: The Ark of Napishtim,"Action,Role-Playing (RPG)",Konami,64,0.05,1388.883,Sony PSP,2006
Bomberman Land Touch!,Action,,78,0.04,2044.403,Nintendo DS,2006
Point Blank DS,Action,"Atari,Namco",66,0.04,1470.823,Nintendo DS,2006
Scurge: Hive,Action,,70,0.04,733.363,Nintendo DS,2006
Star Trek: Tactical Assault,"Action,Strategy",Ubisoft,63,0.04,1470.823,Nintendo DS,2006
Tao's Adventure: Curse of the Demon Seal,Role-Playing (RPG),Konami,50,0.04,1225.003,Nintendo DS,2006
Ford Bold Moves Street Racing,Racing / Driving,Eidos,52,0.04,1470.823,Sony PSP,2006
Gitaroo Man Lives!,Simulation,,80,0.04,1880.523,Sony PSP,2006
Gradius Collection,Action,Konami,76,0.04,1470.823,Sony PSP,2006
The Legend of Heroes II: Prophecy of the Moonli...,Role-Playing (RPG),Namco,63,0.04,1470.823,Sony PSP,2006
Pac-Man World Rally,"Action,Racing / Driving",Namco,51,0.04,1470.823,Sony PSP,2006
Bomberman: Act Zero,Action,Konami,34,0.04,1061.123,X360,2006
Earth Defense Force 2017,Action,,69,0.03,1470.823,X360,2006
WarTech: Senko no Ronde,Action,Ubisoft,60,0.03,1061.123,X360,2006
MechAssault: Phantom War,Action,,66,0.03,1061.123,Nintendo DS,2006
Astonishia Story,"Role-Playing (RPG),Strategy",Ubisoft,48,0.03,1388.883,Sony PSP,2006
B-Boy,Action,Sony,50,0.03,1470.823,Sony PSP,2006
BattleZone,Action,Atari,57,0.03,1225.003,Sony PSP,2006
Bounty Hounds,"Action,Strategy",Namco,63,0.03,1470.823,Sony PSP,2006
Bubble Bobble Evolution,Action,,47,0.03,1061.123,Sony PSP,2006
MotoGP,"Racing / Driving,Sports",Sony,69,0.03,2699.923,Sony PSP,2006
OutRun 2006: Coast 2 Coast,Racing / Driving,Sega,82,0.03,1470.823,Sony PSP,2006
Warhammer: Battle for Atluma,Strategy,Namco,55,0.03,1470.823,Sony PSP,2006
SBK: Snowboard Kids,"Action,Sports",,63,0.02,1634.703,Nintendo DS,2006
Tenchu: Dark Secret,Action,Nintendo,37,0.02,1225.003,Nintendo DS,2006
Dungeon Maker: Hunting Ground,"Action,Role-Playing (RPG)",,70,0.02,1225.003,Sony PSP,2006
Metal Gear Solid: Digital Graphic Novel,Adventure,Konami,78,0.02,1470.823,Sony PSP,2006
Star Trek: Tactical Assault,"Action,Strategy",Ubisoft,64,0.02,1470.823,Sony PSP,2006
Micro Machines V4,"Action,Racing / Driving",,61,0.01,1470.823,Sony PSP,2006
Platypus,Action,,59,0.01,1225.003,Sony PSP,2006
Custom Robo Arena,"Action,Role-Playing (RPG)",Nintendo,74,0.01,1470.823,Nintendo DS,2006
Gurumin: A Monstrous Adventure,Action,,78,0.01,1143.063,Sony PSP,2006
Spider-Man 3,Action,Ubisoft,58,0.01,569.483,Sony PSP,2006
Wii Fit,"Educational,Sports",Nintendo,80,9.6,2044.403,Nintendo Wii,2007
Halo 3,Action,Microsoft,94,8.03,2044.403,X360,2007
Call of Duty 4: Modern Warfare,Action,Activision,94,5.77,2454.103,X360,2007
Super Mario Galaxy,Action,Nintendo,97,4.94,3273.503,Nintendo Wii,2007
Mario Party DS,"Action,Strategy",Nintendo,72,4.34,2290.223,Nintendo DS,2007
Mario Party 8,"Action,Strategy",Nintendo,62,3.84,3273.503,Nintendo Wii,2007
Guitar Hero III: Legends of Rock,"Action,Simulation",Activision,85,3.28,1061.123,X360,2007
Link's Crossbow Training,Action,Nintendo,68,3.2,1225.003,Nintendo Wii,2007
Guitar Hero III: Legends of Rock,"Action,Simulation",Activision,86,3.19,4092.903,Nintendo Wii,2007
Assassin's Creed,Action,Ubisoft,81,3.17,1388.883,X360,2007
LEGO Star Wars: The Complete Saga,Action,,80,3.03,1470.823,Nintendo Wii,2007
Call of Duty 4: Modern Warfare,Action,Activision,94,2.91,2044.403,PlayStation 3,2007
Mario & Sonic at the Olympic Games,"Action,Sports","Nintendo,Sega",67,2.74,2454.103,Nintendo Wii,2007
LEGO Star Wars: The Complete Saga,"Action,Racing / Driving",,80,2.66,1470.823,Nintendo DS,2007
Forza Motorsport 2,Racing / Driving,Microsoft,90,2.48,1061.123,X360,2007
Madden NFL 08,Sports,EA,85,2.32,815.303,X360,2007
Guitar Hero II,"Action,Simulation",Activision,92,2.04,1470.823,X360,2007
Rock Band,"Action,Simulation",,92,2.02,1225.003,X360,2007
The Legend of Zelda: Phantom Hourglass,Action,Nintendo,90,1.92,2044.403,Nintendo DS,2007
Pokmon Mystery Dungeon: Explorers of Darkness,Role-Playing (RPG),Nintendo,59,1.91,1306.943,Nintendo DS,2007
Pokmon Mystery Dungeon: Explorers of Time,Role-Playing (RPG),Nintendo,59,1.91,2044.403,Nintendo DS,2007
Assassin's Creed,Action,Ubisoft,81,1.77,1470.823,PlayStation 3,2007
Uncharted: Drake's Fortune,Action,Sony,88,1.76,2044.403,PlayStation 3,2007
Mass Effect,"Action,Role-Playing (RPG)",Microsoft,91,1.57,1470.823,X360,2007
Cooking Mama 2: Dinner with Friends,Simulation,,70,1.56,1470.823,Nintendo DS,2007
BioShock,Action,2K,96,1.52,1388.883,X360,2007
Super Paper Mario,"Action,Role-Playing (RPG)",Nintendo,85,1.5,2454.103,Nintendo Wii,2007
Game Party,Action,Midway,25,1.49,1225.003,Nintendo Wii,2007
Ratchet & Clank: Size Matters,Action,Sony,85,1.47,1225.003,Sony PSP,2007
Dance Dance Revolution Hottest Party,Action,Konami,73,1.45,1470.823,Nintendo Wii,2007
Cooking Mama: Cook Off,Simulation,,61,1.38,1225.003,Nintendo Wii,2007
Gran Turismo 5: Prologue,"Racing / Driving,Simulation",Sony,80,1.31,2044.403,PlayStation 3,2007
Professor Layton and the Curious Village,"Adventure,Educational,Strategy",Nintendo,85,1.26,1962.463,Nintendo DS,2007
Resident Evil 4,Action,Capcom,91,1.24,1388.883,Nintendo Wii,2007
The Elder Scrolls IV: Oblivion,"Action,Role-Playing (RPG)",Ubisoft,93,1.2,1470.823,PlayStation 3,2007
Transformers: Autobots,"Action,Racing / Driving",Activision,67,1.17,1470.823,Nintendo DS,2007
Transformers: Decepticons,"Action,Racing / Driving",Activision,66,1.17,1470.823,Nintendo DS,2007
Diddy Kong Racing DS,"Racing / Driving,Sports",Nintendo,63,1.16,2044.403,Nintendo DS,2007
Big Brain Academy: Wii Degree,Action,Nintendo,68,1.1,1634.703,Nintendo Wii,2007
Need for Speed: ProStreet,Racing / Driving,EA,72,1.1,1388.883,X360,2007
Deal or No Deal,Strategy,,20,1.1,979.183,Nintendo DS,2007
LEGO Star Wars: The Complete Saga,Action,,80,1.09,1470.823,X360,2007
Sonic and the Secret Rings,Action,Sega,69,1.08,1388.883,Nintendo Wii,2007
The Orange Box,Action,,96,1.06,1470.823,X360,2007
Crackdown,"Action,Racing / Driving,Role-Playing (RPG)",Microsoft,83,1.02,1225.003,X360,2007
Rock Band,"Action,Simulation",,92,1.01,1225.003,PlayStation 3,2007
Tiger Woods PGA Tour 08,Sports,EA,72,1,1470.823,Nintendo Wii,2007
WWE Smackdown vs. Raw 2008,Sports,THQ,71,0.96,1061.123,X360,2007
Madden NFL 08,Sports,EA,81,0.94,815.303,PlayStation 3,2007
Call of Duty 4: Modern Warfare,Action,Activision,75,0.94,1634.703,Nintendo DS,2007
MySims,"Simulation,Strategy",EA,68,0.94,1470.823,Nintendo Wii,2007
Mario Strikers Charged,"Action,Sports",Nintendo,79,0.93,2454.103,Nintendo Wii,2007
Star Wars Battlefront: Renegade Squadron,Action,,73,0.93,1388.883,Sony PSP,2007
Flash Focus: Vision Training in Minutes a Day,Action,Nintendo,59,0.91,1470.823,Nintendo DS,2007
Metroid Prime 3: Corruption,Action,Nintendo,90,0.91,1634.703,Nintendo Wii,2007
Tom Clancy's Ghost Recon: Advanced Warfighter 2...,Action,Ubisoft,86,0.89,1225.003,X360,2007
Madden NFL 08,Sports,EA,76,0.86,1061.123,Nintendo Wii,2007
Ratchet & Clank Future: Tools of Destruction,Action,Sony,89,0.86,1880.523,PlayStation 3,2007
LEGO Star Wars: The Complete Saga,Action,,80,0.85,1470.823,PlayStation 3,2007
Rayman Raving Rabbids 2,Action,Ubisoft,67,0.84,1470.823,Nintendo Wii,2007
NBA 2K8 ,Sports,2K,81,0.83,815.303,X360,2007
Namco Museum DS,Action,Namco,67,0.8,1470.823,Nintendo DS,2007
Need for Speed: ProStreet,Racing / Driving,EA,73,0.75,1388.883,PlayStation 3,2007
Blazing Angels: Squadrons of WWII,Action,Ubisoft,57,0.75,1388.883,Nintendo Wii,2007
Drawn to Life,Action,THQ,73,0.75,1470.823,Nintendo DS,2007
EA Playground,"Action,Racing / Driving,Sports",EA,66,0.72,1470.823,Nintendo Wii,2007
Major League Baseball 2K7,Sports,2K,79,0.7,815.303,X360,2007
Resident Evil: The Umbrella Chronicles,Action,"Capcom,Nintendo",75,0.69,1634.703,Nintendo Wii,2007
NCAA Football 08,Sports,EA,81,0.68,815.303,X360,2007
Spectrobes,"Action,Strategy",,63,0.68,1225.003,Nintendo DS,2007
The Sims 2: Castaway,Simulation,EA,66,0.66,1388.883,Nintendo DS,2007
WWE Smackdown vs. Raw 2008,Sports,THQ,74,0.64,1225.003,PlayStation 3,2007
Madden NFL 08,Sports,EA,75,0.64,815.303,Sony PSP,2007
NBA Live 08,Sports,EA,73,0.6,815.303,PlayStation 3,2007
The Simpsons Game,Action,EA,69,0.6,1470.823,Nintendo DS,2007
Ace Combat 6: Fires of Liberation,"Action,Simulation",Namco,80,0.58,1634.703,X360,2007
Heavenly Sword,Action,Sony,79,0.57,2044.403,PlayStation 3,2007
Ninja Gaiden Sigma,Action,,88,0.57,1634.703,PlayStation 3,2007
Ben 10: Protector of the Earth,Action,,63,0.57,1388.883,Nintendo Wii,2007
The Simpsons Game,Action,EA,71,0.55,1470.823,X360,2007
CrossworDS,"Educational,Strategy",,67,0.53,1470.823,Nintendo DS,2007
Sonic Rush Adventure,"Action,Sports",Sega,78,0.52,2044.403,Nintendo DS,2007
Tiger Woods PGA Tour 08,Sports,EA,80,0.51,1225.003,X360,2007
Tony Hawk's Proving Ground,Sports,Activision,72,0.51,1388.883,X360,2007
Call of Duty: Roads to Victory,Action,Activision,64,0.51,2044.403,Sony PSP,2007
Transformers: The Game,Action,Activision,52,0.51,1225.003,X360,2007
NBA 2K8,Sports,2K,81,0.5,815.303,PlayStation 3,2007
Medal of Honor: Heroes 2,Action,EA,69,0.5,1470.823,Sony PSP,2007
Spider-Man 3,Action,Activision,63,0.5,979.183,X360,2007
Tom Clancy's Rainbow Six: Vegas,Action,Ubisoft,86,0.49,1388.883,PlayStation 3,2007
Need for Speed: ProStreet,Racing / Driving,EA,61,0.49,1388.883,Nintendo Wii,2007
NBA LIVE 08 ,Sports,EA,73,0.49,815.303,X360,2007
Dance Dance Revolution Universe 2,Action,Konami,65,0.48,1634.703,X360,2007
MX vs. ATV Untamed,Racing / Driving,THQ,70,0.48,1470.823,X360,2007
Final Fantasy IV,Role-Playing (RPG),SquareEnix,85,0.48,1470.823,Nintendo DS,2007
NBA Street Homecourt,Sports,EA,80,0.47,651.423,X360,2007
The Simpsons Game,Action,EA,64,0.47,1470.823,Nintendo Wii,2007
Winter Sports: The Ultimate Challenge,"Racing / Driving,Sports",,52,0.47,1388.883,Nintendo Wii,2007
WWE Smackdown vs. Raw 2008,Sports,THQ,68,0.46,1388.883,Sony PSP,2007
Tiger Woods PGA Tour 07,Sports,EA,71,0.46,1470.823,Nintendo Wii,2007
Crash of the Titans,Action,,73,0.46,1470.823,Nintendo DS,2007
Sonic Rivals 2,Action,Sega,60,0.46,1880.523,Sony PSP,2007
Boogie,Action,EA,57,0.45,1470.823,Nintendo Wii,2007
Medal of Honor: Airborne,Action,EA,73,0.45,1470.823,X360,2007
The Sims 2: Castaway,Simulation,EA,73,0.45,1470.823,Nintendo Wii,2007
Spider-Man 3,Action,Activision,53,0.45,1225.003,Nintendo Wii,2007
Lost Odyssey,Role-Playing (RPG),Microsoft,78,0.45,1634.703,X360,2007
Bee Movie Game,Adventure,Activision,58,0.44,1470.823,Nintendo DS,2007
Spider-Man 3,Action,Activision,79,0.44,1388.883,Nintendo DS,2007
Final Fantasy Tactics,"Role-Playing (RPG),Strategy",SquareEnix,88,0.44,1470.823,Sony PSP,2007
Endless Ocean,Simulation,Nintendo,72,0.44,2044.403,Nintendo Wii,2007
SingStar,Simulation,Sony,82,0.43,1225.003,PlayStation 3,2007
Ratatouille,Action,THQ,62,0.43,1634.703,Nintendo Wii,2007
The Sims 2: Pets,Simulation,EA,65,0.43,1880.523,Nintendo Wii,2007
Two Worlds,"Action,Role-Playing (RPG)",,50,0.43,1225.003,X360,2007
Crash of the Titans,Action,,69,0.42,1470.823,Nintendo Wii,2007
Sonic the Hedgehog,Action,Sega,46,0.41,1225.003,X360,2007
Mega Man Star Force: Dragon,"Action,Role-Playing (RPG)",Capcom,60,0.41,2290.223,Nintendo DS,2007
Sonic the Hedgehog,Action,Sega,43,0.4,1388.883,PlayStation 3,2007
Harry Potter and the Order of the Phoenix,Action,EA,69,0.4,2044.403,Nintendo Wii,2007
Nicktoons: Attack of the Toybots,Action,THQ,60,0.4,1225.003,Nintendo Wii,2007
WWE Smackdown vs. Raw 2008,Sports,THQ,59,0.39,1061.123,Nintendo Wii,2007
The Simpsons Game,Action,EA,71,0.39,1470.823,PlayStation 3,2007
DiRT,"Racing / Driving,Simulation,Sports",,83,0.39,1470.823,X360,2007
Kane & Lynch: Dead Men,Action,Eidos,65,0.38,1225.003,X360,2007
Jam Sessions,"Educational,Simulation",Ubisoft,72,0.38,733.363,Nintendo DS,2007
Monster Hunter Freedom 2,"Action,Strategy",Capcom,72,0.38,1061.123,Sony PSP,2007
Shadowrun,Action,Microsoft,66,0.38,1061.123,X360,2007
Thrillville: Off the Rails,"Simulation,Strategy",,70,0.37,1388.883,Nintendo Wii,2007
Tony Hawk's Proving Ground,Sports,Activision,73,0.37,1061.123,PlayStation 3,2007
My Word Coach,Educational,Ubisoft,71,0.37,1306.943,Nintendo DS,2007
The World Ends With You,"Action,Adventure,Role-Playing (RPG)",SquareEnix,88,0.37,1470.823,Nintendo DS,2007
The BIGS,"Action,Simulation,Sports",2K,66,0.36,1470.823,Nintendo Wii,2007
NCAA Football 08,Sports,EA,77,0.36,815.303,PlayStation 3,2007
Final Fantasy Tactics A2: Grimoire of the Rift,"Role-Playing (RPG),Strategy",SquareEnix,80,0.36,1470.823,Nintendo DS,2007
Beowulf: The Game,Action,Ubisoft,51,0.36,1061.123,X360,2007
The Darkness,Action,2K,82,0.36,1225.003,X360,2007
Tom Clancy's Ghost Recon: Advanced Warfighter 2...,Action,Ubisoft,84,0.35,1470.823,PlayStation 3,2007
Final Fantasy,Role-Playing (RPG),SquareEnix,67,0.35,1470.823,Sony PSP,2007
Lair,Action,Sony,53,0.35,1634.703,PlayStation 3,2007
Transformers: The Game,Action,Activision,53,0.35,1470.823,Nintendo Wii,2007
Command & Conquer 3: Tiberium Wars,Strategy,EA,82,0.35,2044.403,X360,2007
Overlord,"Action,Strategy",,76,0.35,1470.823,X360,2007
Diner Dash,Action,,64,0.34,1470.823,Nintendo DS,2007
Medal of Honor: Heroes 2,Action,EA,73,0.34,1634.703,Nintendo Wii,2007
MX vs. ATV Untamed,Racing / Driving,THQ,67,0.33,1470.823,PlayStation 3,2007
Time Crisis 4,Action,Namco,60,0.33,2044.403,PlayStation 3,2007
Dragon Ball Z: Budokai Tenkaichi 3,Action,Atari,72,0.33,1470.823,Nintendo Wii,2007
Final Fantasy XII: Revenant Wings,"Role-Playing (RPG),Strategy",SquareEnix,81,0.33,1634.703,Nintendo DS,2007
SOCOM: U.S. Navy SEALs - Tactical Strike,"Action,Strategy",Sony,72,0.33,1225.003,Sony PSP,2007
Unreal Tournament III,Action,Midway,86,0.33,1388.883,PlayStation 3,2007
Bee Movie Game,Action,Activision,62,0.32,1225.003,Nintendo Wii,2007
Def Jam: Icon,Action,EA,69,0.32,1470.823,X360,2007
Transformers: The Game,Action,Activision,54,0.32,1470.823,PlayStation 3,2007
TimeShift,Action,,70,0.32,1061.123,X360,2007
SSX Blur,Sports,EA,74,0.31,1470.823,Nintendo Wii,2007
Bleach: The Blade of Fate,Action,Sega,83,0.31,1470.823,Nintendo DS,2007
EA Playground,"Racing / Driving,Sports",EA,60,0.31,979.183,Nintendo DS,2007
Final Fantasy II,Role-Playing (RPG),SquareEnix,63,0.31,1470.823,Sony PSP,2007
The Eye of Judgment,Strategy,Sony,75,0.3,1061.123,PlayStation 3,2007
MLB 07: The Show,Sports,Sony,77,0.3,815.303,PlayStation 3,2007
Virtua Fighter 5,Action,Sega,85,0.3,1225.003,PlayStation 3,2007
NiGHTS: Journey of Dreams,Action,Sega,69,0.3,1225.003,Nintendo Wii,2007
Puzzle Quest: Challenge of the Warlords,"Role-Playing (RPG),Strategy",,82,0.3,1470.823,Nintendo DS,2007
NBA Live 08,Sports,EA,73,0.3,1225.003,Sony PSP,2007
Kane & Lynch: Dead Men,Action,Eidos,64,0.29,1634.703,PlayStation 3,2007
Crash of the Titans,Action,,65,0.29,1470.823,X360,2007
Harry Potter and the Order of the Phoenix,Action,EA,51,0.29,1470.823,Nintendo DS,2007
SimCity DS,Simulation,EA,69,0.29,1225.003,Nintendo DS,2007
Wario: Master of Disguise,Action,Nintendo,60,0.29,1225.003,Nintendo DS,2007
No More Heroes,"Action,Racing / Driving",Ubisoft,83,0.29,1470.823,Nintendo Wii,2007
BlackSite: Area 51,Action,Midway,62,0.29,1470.823,X360,2007
Shrek the Third,Action,Activision,56,0.28,1225.003,X360,2007
Shrek the Third,Adventure,Activision,70,0.28,1388.883,Nintendo DS,2007
Surf's Up,"Racing / Driving,Sports",Ubisoft,56,0.28,1225.003,Nintendo DS,2007
MLB 07: The Show,Sports,Sony,82,0.28,815.303,Sony PSP,2007
TMNT,Action,Ubisoft,58,0.28,1634.703,X360,2007
Spider-Man: Friend or Foe,Action,Activision,60,0.27,1470.823,X360,2007
Contra 4,Action,Konami,83,0.27,1470.823,Nintendo DS,2007
Phoenix Wright: Ace Attorney - Trials and Tribu...,"Adventure,Simulation",Capcom,81,0.27,1470.823,Nintendo DS,2007
Disney Pirates of the Caribbean: At World's End,Action,Disney,66,0.27,1225.003,Nintendo DS,2007
Dragon Ball Z: Shin Budokai - Another Road,Action,"Atari,Namco",65,0.27,1388.883,Sony PSP,2007
Spider-Man 3,Action,Activision,60,0.27,1470.823,PlayStation 3,2007
The Golden Compass,Action,Sega,41,0.27,815.303,X360,2007
Stuntman: Ignition,"Action,Racing / Driving",THQ,75,0.26,1225.003,X360,2007
Chicken Shoot,Action,,27,0.26,1061.123,Nintendo Wii,2007
Shrek the Third,Action,Activision,57,0.26,1388.883,Nintendo Wii,2007
DK: Jungle Climber,"Action,Strategy",Nintendo,77,0.26,2044.403,Nintendo DS,2007
Dragon Quest IV: Chapters of the Chosen,Role-Playing (RPG),SquareEnix,80,0.26,2044.403,Nintendo DS,2007
300: March to Glory,Action,Eidos,55,0.26,1225.003,Sony PSP,2007
Fire Emblem: Radiant Dawn,"Role-Playing (RPG),Strategy",Nintendo,78,0.26,2863.803,Nintendo Wii,2007
The Golden Compass,Action,Sega,35,0.26,1225.003,Nintendo Wii,2007
Manhunt 2,Action,Rockstar,62,0.26,1634.703,Nintendo Wii,2007
NASCAR 08,"Racing / Driving,Sports",EA,59,0.25,1061.123,X360,2007
Virtua Tennis 3,Sports,Sega,80,0.24,1634.703,PlayStation 3,2007
All-Pro Football 2K8,Sports,2K,75,0.24,651.423,X360,2007
Major League Baseball 2K7,Sports,2K,74,0.24,651.423,PlayStation 3,2007
The Warriors,Action,Rockstar,52,0.24,1470.823,Sony PSP,2007
Ghost Rider,Action,2K,49,0.23,1388.883,Sony PSP,2007
Tony Hawk's Proving Ground,Sports,Activision,57,0.23,1388.883,Nintendo Wii,2007
Juiced 2: Hot Import Nights,Racing / Driving,THQ,68,0.23,1225.003,X360,2007
Juiced 2: Hot Import Nights,Racing / Driving,THQ,72,0.23,1143.063,Nintendo DS,2007
The Simpsons Game,Action,EA,59,0.23,1388.883,Sony PSP,2007
Syphon Filter: Logan's Shadow,"Action,Strategy",Sony,85,0.23,1388.883,Sony PSP,2007
Tiger Woods PGA Tour 08,Sports,EA,79,0.22,1061.123,PlayStation 3,2007
Ratatouille,Action,THQ,56,0.22,1388.883,X360,2007
Trauma Center: New Blood,"Action,Simulation",Nintendo,77,0.22,1470.823,Nintendo Wii,2007
Hotel Dusk: Room 215,Adventure,Nintendo,78,0.22,1225.003,Nintendo DS,2007
Mega Man ZX Advent,Action,Capcom,78,0.22,1470.823,Nintendo DS,2007
Silent Hill: 0rigins,Action,Konami,78,0.22,1470.823,Sony PSP,2007
Harry Potter and the Order of the Phoenix,Action,EA,68,0.22,1388.883,X360,2007
NHL 08 ,Sports,EA,85,0.22,815.303,X360,2007
Castlevania: The Dracula X Chronicles,Action,Konami,80,0.21,1388.883,Sony PSP,2007
Tony Hawk's Proving Ground,Sports,Activision,39,0.21,1143.063,Nintendo DS,2007
Jeanne d'Arc,"Role-Playing (RPG),Strategy",Sony,87,0.21,1634.703,Sony PSP,2007
BWii: Battalion Wars 2,"Action,Simulation,Strategy",Nintendo,75,0.21,1225.003,Nintendo Wii,2007
Battlestations: Midway,"Action,Strategy",Eidos,73,0.21,1470.823,X360,2007
Dragon Ball Z: Harukanaru Densetsu,Strategy,Atari,57,0.2,1225.003,Nintendo DS,2007
Touch the Dead,Action,,56,0.2,1388.883,Nintendo DS,2007
The Darkness,Action,2K,80,0.2,1225.003,PlayStation 3,2007
Donkey Kong Barrel Blast,Racing / Driving,Nintendo,46,0.19,2454.103,Nintendo Wii,2007
The BIGS,"Action,Simulation,Sports",2K,79,0.19,1061.123,X360,2007
Armored Core 4,Action,Sega,65,0.19,1470.823,X360,2007
Etrian Odyssey,Role-Playing (RPG),Nintendo,75,0.19,2044.403,Nintendo DS,2007
Ben 10: Protector of the Earth,Action,,60,0.19,1388.883,Sony PSP,2007
Tom Clancy's Splinter Cell: Double Agent,"Action,Strategy",Ubisoft,78,0.19,1880.523,PlayStation 3,2007
Looney Tunes: Acme Arsenal,Action,,27,0.19,1225.003,Nintendo Wii,2007
Zack & Wiki: Quest for Barbaros' Treasure,Adventure,Capcom,87,0.19,1470.823,Nintendo Wii,2007
Monster Jam,Sports,Activision,43,0.18,1470.823,X360,2007
Virtua Fighter 5,Action,Sega,89,0.18,1470.823,X360,2007
Lunar Knights,Action,Konami,82,0.18,1388.883,Nintendo DS,2007
Enchanted Arms,Role-Playing (RPG),Ubisoft,64,0.18,1470.823,PlayStation 3,2007
F.E.A.R.: First Encounter Assault Recon,Action,,72,0.18,1470.823,PlayStation 3,2007
Folklore,"Action,Role-Playing (RPG)",Sony,75,0.18,2044.403,PlayStation 3,2007
Juiced 2: Hot Import Nights,Racing / Driving,THQ,71,0.18,1470.823,PlayStation 3,2007
The Elder Scrolls IV: Shivering Isles,"Action,Role-Playing (RPG)",,86,0.18,2044.403,X360,2007
NHL 08,Sports,EA,86,0.17,815.303,PlayStation 3,2007
NCAA 07 March Madness,Sports,EA,67,0.17,651.423,X360,2007
Rayman Raving Rabbids,Action,Ubisoft,67,0.17,1388.883,X360,2007
Viva Pi$?ata: Party Animals,Racing / Driving,Microsoft,56,0.17,1225.003,X360,2007
Warriors Orochi,"Action,Role-Playing (RPG)",,53,0.17,1634.703,X360,2007
Luminous Arc,"Role-Playing (RPG),Strategy",,70,0.17,2044.403,Nintendo DS,2007
Picross DS,Strategy,Nintendo,83,0.17,1470.823,Nintendo DS,2007
Harry Potter and the Order of the Phoenix,Action,EA,67,0.17,1470.823,PlayStation 3,2007
College Hoops 2K7,Sports,2K,81,0.16,569.483,PlayStation 3,2007
The BIGS,"Action,Simulation,Sports",2K,80,0.16,1880.523,PlayStation 3,2007
Stuntman: Ignition,"Action,Racing / Driving",THQ,76,0.16,1388.883,PlayStation 3,2007
Mortal Kombat: Armageddon,"Action,Racing / Driving",Midway,71,0.16,2044.403,Nintendo Wii,2007
Def Jam: Icon,Action,EA,68,0.16,1388.883,PlayStation 3,2007
Soulcalibur Legends,Action,Namco,52,0.16,1388.883,Nintendo Wii,2007
Surf's Up,Sports,Ubisoft,64,0.16,1388.883,Nintendo Wii,2007
Planet Puzzle League,Strategy,Nintendo,86,0.16,1470.823,Nintendo DS,2007
DiRT,"Racing / Driving,Simulation,Sports",,83,0.16,1470.823,PlayStation 3,2007
TMNT,Action,Ubisoft,60,0.16,1470.823,Nintendo Wii,2007
Soldier of Fortune: Payback,Action,Activision,50,0.16,1143.063,X360,2007
Dynasty Warriors: Gundam,Action,Namco,60,0.15,1880.523,PlayStation 3,2007
Disney Pirates of the Caribbean: At World's End,Action,Disney,55,0.15,1225.003,PlayStation 3,2007
Bee Movie Game,Action,Activision,71,0.15,1061.123,X360,2007
Dynasty Warriors: Gundam,Action,Namco,55,0.15,1880.523,X360,2007
Golden Axe,Action,Sega,45,0.15,1225.003,X360,2007
Dementium: The Ward,Action,,72,0.15,1470.823,Nintendo DS,2007
Rondo of Swords,"Role-Playing (RPG),Strategy",,69,0.15,1634.703,Nintendo DS,2007
Disgaea: Afternoon of Darkness,"Role-Playing (RPG),Strategy",,87,0.15,1470.823,Sony PSP,2007
NASCAR 08,"Racing / Driving,Sports",EA,57,0.15,1225.003,PlayStation 3,2007
Dragon Quest Swords: The Masked Queen and the T...,Action,SquareEnix,65,0.15,1388.883,Nintendo Wii,2007
Call of Juarez,Action,Ubisoft,71,0.15,1225.003,X360,2007
College Hoops 2K8,Sports,2K,81,0.15,815.303,X360,2007
Eternal Sonata,Role-Playing (RPG),Namco,79,0.15,2290.223,X360,2007
Kingdom Under Fire: Circle of Doom,"Action,Role-Playing (RPG)",Microsoft,55,0.15,1225.003,X360,2007
Vampire Rain,Action,Microsoft,38,0.15,979.183,X360,2007
All-Pro Football 2K8,Sports,2K,73,0.14,815.303,PlayStation 3,2007
Mercury Meltdown,Strategy,,77,0.14,1061.123,Nintendo Wii,2007
Conan,"Action,Adventure",THQ,69,0.14,1470.823,PlayStation 3,2007
Godzilla: Unleashed,Action,Atari,44,0.14,2044.403,Nintendo Wii,2007
NBA Live 08,Sports,EA,52,0.14,1225.003,Nintendo Wii,2007
Conan,"Action,Adventure",THQ,69,0.14,1225.003,X360,2007
Spider-Man: Friend or Foe,Action,Activision,59,0.13,1470.823,Nintendo Wii,2007
College Hoops 2K8,Sports,2K,82,0.12,1061.123,PlayStation 3,2007
NBA 08,Sports,Sony,63,0.12,815.303,PlayStation 3,2007
Thrillville: Off the Rails,"Simulation,Strategy",,73,0.12,1470.823,X360,2007
Geometry Wars: Galaxies,Action,,79,0.12,1225.003,Nintendo DS,2007
Rayman Raving Rabbids,Action,Ubisoft,56,0.12,1470.823,Nintendo DS,2007
WordJong,Strategy,,77,0.12,1470.823,Nintendo DS,2007
"Warhammer 40,000: Squad Command",Strategy,THQ,67,0.12,1470.823,Sony PSP,2007
Beowulf: The Game,Action,Ubisoft,51,0.12,1061.123,PlayStation 3,2007
The Golden Compass,Action,Sega,40,0.12,1061.123,PlayStation 3,2007
Scarface: The World is Yours,"Action,Racing / Driving",,71,0.12,1880.523,Nintendo Wii,2007
Hot Wheels: Beat That!,"Action,Racing / Driving",Activision,43,0.12,1634.703,X360,2007
NHL 2K8 ,Sports,2K,71,0.12,569.483,X360,2007
NBA Street Homecourt,Sports,EA,81,0.11,1225.003,PlayStation 3,2007
Geometry Wars: Galaxies,Action,,80,0.11,1388.883,Nintendo Wii,2007
Final Fantasy: Crystal Chronicles - Echoes of Time,Action,SquareEnix,75,0.11,2044.403,Nintendo DS,2007
Godzilla Unleashed: Double Smash,Action,Atari,28,0.11,1470.823,Nintendo DS,2007
MX vs. ATV Untamed,Racing / Driving,THQ,61,0.11,1470.823,Nintendo DS,2007
WWE SmackDown vs. Raw 2008,Sports,THQ,61,0.11,1225.003,Nintendo DS,2007
The BIGS,"Action,Simulation,Sports",2K,72,0.11,1388.883,Sony PSP,2007
Brave Story: New Traveler,Role-Playing (RPG),,76,0.11,1470.823,Sony PSP,2007
WipEout Pulse,"Action,Racing / Driving",Sony,82,0.11,1388.883,Sony PSP,2007
TimeShift,Action,,70,0.11,1388.883,PlayStation 3,2007
Star Trek: Conquest,"Action,Strategy",,49,0.11,2290.223,Nintendo Wii,2007
Beautiful Katamari,Action,Namco,73,0.11,1470.823,X360,2007
Hour of Victory,Action,Midway,37,0.11,1061.123,X360,2007
Fantastic Four: Rise of the Silver Surfer,Action,2K,47,0.1,1225.003,PlayStation 3,2007
SEGA Rally Revo,"Racing / Driving,Simulation",Sega,77,0.1,1225.003,X360,2007
7 Wonders of the Ancient World,Strategy,,60,0.1,1470.823,Nintendo DS,2007
Draglade,Action,,71,0.1,1388.883,Nintendo DS,2007
Final Fantasy Fables: Chocobo Tales,Action,SquareEnix,75,0.1,1470.823,Nintendo DS,2007
Marvel Trading Card Game,Strategy,Konami,61,0.1,1388.883,Nintendo DS,2007
Crazy Taxi: Fare Wars,"Action,Racing / Driving",Sega,64,0.1,1470.823,Sony PSP,2007
The Golden Compass,Action,Sega,28,0.1,1225.003,Sony PSP,2007
Harry Potter and the Order of the Phoenix,Action,EA,52,0.1,1388.883,Sony PSP,2007
Bladestorm: The Hundred Years' War,"Action,Role-Playing (RPG),Strategy",,58,0.1,3683.203,PlayStation 3,2007
Surf's Up,Sports,Ubisoft,61,0.09,1470.823,X360,2007
Blazing Angels 2: Secret Missions of WWII,Action,Ubisoft,72,0.09,1388.883,X360,2007
InuYasha: Secret of the Divine Jewel,Role-Playing (RPG),Namco,46,0.09,2044.403,Nintendo DS,2007
The Settlers,Strategy,Ubisoft,39,0.09,1470.823,Nintendo DS,2007
Shrek the Third,Action,Activision,57,0.09,1880.523,Sony PSP,2007
Ratatouille,Action,THQ,55,0.09,1470.823,PlayStation 3,2007
Soldier of Fortune: Payback,Action,Activision,50,0.09,1225.003,PlayStation 3,2007
Heatseeker,Action,,62,0.09,1470.823,Nintendo Wii,2007
NHL 2K8,Sports,,74,0.08,815.303,PlayStation 3,2007
NCAA March Madness 08,Sports,EA,67,0.08,1061.123,PlayStation 3,2007
Fantastic Four: Rise of the Silver Surfer,Action,2K,45,0.08,1225.003,X360,2007
Monster Madness: Battle for Suburbia,Action,,55,0.08,1225.003,X360,2007
Pro Evolution Soccer 2008,Sports,Konami,76,0.08,1225.003,X360,2007
Blazing Angels 2: Secret Missions of WWII,Action,Ubisoft,70,0.08,1880.523,PlayStation 3,2007
Cake Mania,Action,,55,0.08,1388.883,Nintendo DS,2007
River King: Mystic Valley,"Adventure,Simulation,Sports",,54,0.08,2044.403,Nintendo DS,2007
Touch Detective 2 1/2,Adventure,,67,0.08,1225.003,Nintendo DS,2007
7 Wonders of the Ancient World,Strategy,,51,0.08,1470.823,Sony PSP,2007
Brooktown High,Simulation,Konami,51,0.08,1388.883,Sony PSP,2007
Crush,Action,Sega,83,0.08,1388.883,Sony PSP,2007
Jackass: The Game,Action,,58,0.08,1470.823,Sony PSP,2007
The Sims 2: Castaway,Simulation,EA,64,0.08,1470.823,Sony PSP,2007
Test Drive Unlimited,Racing / Driving,Atari,80,0.08,1470.823,Sony PSP,2007
Thrillville: Off the Rails,"Simulation,Strategy",,72,0.08,1388.883,Sony PSP,2007
Victorious Boxers: Revolution,"Action,Simulation,Sports",Ubisoft,59,0.08,2044.403,Nintendo Wii,2007
Bladestorm: The Hundred Years' War,"Action,Role-Playing (RPG),Strategy",,63,0.08,2863.803,X360,2007
Looney Tunes: Acme Arsenal,Action,,40,0.07,1470.823,X360,2007
SEGA Rally Revo,"Racing / Driving,Simulation",Sega,75,0.07,1388.883,PlayStation 3,2007
Death Jr. and the Science Fair of Doom,Action,Konami,47,0.07,1061.123,Nintendo DS,2007
Indianapolis 500 Legends,Racing / Driving,,51,0.07,1388.883,Nintendo DS,2007
Worms: Open Warfare 2,"Action,Strategy",THQ,81,0.07,1470.823,Nintendo DS,2007
Alien Syndrome,Action,Sega,51,0.07,1061.123,Sony PSP,2007
BlackSite: Area 51,Action,Midway,56,0.07,1470.823,PlayStation 3,2007
Code Lyoko: Quest for Infinity,Action,,58,0.07,1470.823,Nintendo Wii,2007
Super Swing Golf Season 2,Sports,,70,0.07,1634.703,Nintendo Wii,2007
FlatOut: Ultimate Carnage,Racing / Driving,,80,0.07,1388.883,X360,2007
Zoids Assault,"Role-Playing (RPG),Strategy",,46,0.07,1470.823,X360,2007
Alien Syndrome,Action,Sega,48,0.06,1061.123,Nintendo Wii,2007
Tetris Evolution,Strategy,THQ,52,0.06,1470.823,X360,2007
Heroes of Mana,Strategy,SquareEnix,66,0.06,2044.403,Nintendo DS,2007
Myst,Adventure,Midway,43,0.06,2044.403,Nintendo DS,2007
Coded Arms: Contagion,Action,Konami,56,0.06,1225.003,Sony PSP,2007
King of Clubs,Sports,,35,0.06,1225.003,Nintendo Wii,2007
F.E.A.R. Files,Action,,66,0.06,1470.823,X360,2007
Ontamarama,Action,,71,0.05,1470.823,Nintendo DS,2007
Retro Game Challenge,"Action,Racing / Driving,Role-Playing (RPG)",Namco,77,0.05,1470.823,Nintendo DS,2007
Ultimate Mortal Kombat 3,Action,Midway,73,0.05,1962.463,Nintendo DS,2007
"Warhammer 40,000: Squad Command",Strategy,THQ,57,0.05,1470.823,Nintendo DS,2007
Juiced 2: Hot Import Nights,Racing / Driving,THQ,73,0.05,1388.883,Sony PSP,2007
Pursuit Force: Extreme Justice,"Action,Racing / Driving",Sony,73,0.05,1225.003,Sony PSP,2007
Medal of Honor: Vanguard,Action,EA,56,0.05,1470.823,Nintendo Wii,2007
World Series of Poker 2008: Battle for the Brac...,Simulation,Activision,74,0.05,1634.703,X360,2007
Pro Evolution Soccer 2008,Sports,Konami,74,0.04,1470.823,PlayStation 3,2007
Worms: Open Warfare 2,"Action,Strategy",THQ,80,0.04,1470.823,Sony PSP,2007
Surf's Up,Sports,Ubisoft,59,0.04,1470.823,PlayStation 3,2007
Fantastic Four: Rise of the Silver Surfer,Action,2K,39,0.04,1061.123,Nintendo Wii,2007
Brothers in Arms DS,Action,Ubisoft,72,0.04,1470.823,Nintendo DS,2007
Bubble Bobble Double Shot,Action,,50,0.04,1470.823,Nintendo DS,2007
Fantastic Four: Rise of the Silver Surfer,Action,2K,35,0.04,1225.003,Nintendo DS,2007
Zendoku,"Role-Playing (RPG),Strategy",Eidos,68,0.04,1388.883,Nintendo DS,2007
Heatseeker,Action,,49,0.04,1061.123,Sony PSP,2007
Manhunt 2,Action,Rockstar,69,0.04,651.423,Sony PSP,2007
SWAT: Target Liberty,"Action,Strategy",,50,0.04,1061.123,Sony PSP,2007
Anubis II,Action,,19,0.04,815.303,Nintendo Wii,2007
Barnyard,"Action,Adventure",THQ,65,0.04,1470.823,Nintendo Wii,2007
Escape from Bug Island,Action,Eidos,37,0.04,1225.003,Nintendo Wii,2007
Octomania,"Action,Strategy",,66,0.04,1225.003,Nintendo Wii,2007
Cabela's Big Game Hunter,"Simulation,Sports",Activision,51,0.04,1634.703,X360,2007
UEFA Champions League 2006-2007,Sports,EA,72,0.03,569.483,X360,2007
Aliens Vs Predator: Requiem,Action,,49,0.03,1470.823,Sony PSP,2007
NBA 08,Sports,Sony,75,0.03,651.423,Sony PSP,2007
Guilty Gear XX ? Core,Action,,75,0.03,2044.403,Nintendo Wii,2007
Arkanoid DS,Strategy,SquareEnix,61,0.03,1388.883,Nintendo DS,2007
Code Lyoko,"Action,Adventure",,63,0.03,979.183,Nintendo DS,2007
Dynasty Warriors DS: Fighter's Battle,"Action,Strategy",,56,0.03,1225.003,Nintendo DS,2007
Orcs & Elves,"Action,Role-Playing (RPG)",EA,68,0.03,1225.003,Nintendo DS,2007
Prism: Light the Way,"Action,Strategy",Eidos,73,0.03,1388.883,Nintendo DS,2007
Dead Head Fred,Action,,75,0.03,1061.123,Sony PSP,2007
Hot Pixel,Action,Atari,55,0.03,733.363,Sony PSP,2007
The Legend of Heroes III: Song of the Ocean,Role-Playing (RPG),Namco,58,0.03,1470.823,Sony PSP,2007
SEGA Rally Revo,"Racing / Driving,Simulation",Sega,74,0.03,1388.883,Sony PSP,2007
Bionicle Heroes,Action,Eidos,52,0.03,1470.823,Nintendo Wii,2007
Burnout Dominator,"Action,Racing / Driving",EA,76,0.02,1470.823,Sony PSP,2007
Samurai Warriors 2: Empires,"Action,Role-Playing (RPG),Strategy",,53,0.02,1634.703,X360,2007
Meteos: Disney Magic,Strategy,Disney,74,0.02,1061.123,Nintendo DS,2007
Turn It Around,"Racing / Driving,Sports",,39,0.02,815.303,Nintendo DS,2007
Cube,Strategy,,60,0.02,1470.823,Sony PSP,2007
Dragoneer's Aria,Role-Playing (RPG),,56,0.02,2044.403,Sony PSP,2007
The Fast and the Furious,Racing / Driving,Namco,58,0.02,1880.523,Sony PSP,2007
R-Type Command,Strategy,,69,0.02,1225.003,Sony PSP,2007
Virtua Tennis 3,Sports,Sega,79,0.02,1388.883,Sony PSP,2007
Virtua Tennis 3,Sports,Sega,80,0.01,1225.003,X360,2007
Front Mission,Strategy,SquareEnix,72,0.01,1470.823,Nintendo DS,2007
Lost in Blue 2,Role-Playing (RPG),Konami,58,0.01,1470.823,Nintendo DS,2007
Nervous Brickdown,Action,,70,0.01,1470.823,Nintendo DS,2007
Sea Monsters: A Prehistoric Adventure,"Action,Educational",,43,0.01,1143.063,Nintendo DS,2007
After Burner: Black Falcon,Action,Sega,73,0.01,1634.703,Sony PSP,2007
Capcom Puzzle World,Strategy,Capcom,65,0.01,1634.703,Sony PSP,2007
Puzzle Quest: Challenge of the Warlords,"Role-Playing (RPG),Strategy",,84,0.01,1470.823,Sony PSP,2007
Smash Court Tennis 3,Sports,Namco,68,0.01,1634.703,Sony PSP,2007
UEFA Champions League 2006-2007,Sports,EA,71,0.01,1225.003,Sony PSP,2007
Driver: Parallel Lines,"Action,Racing / Driving",Ubisoft,59,0.01,2044.403,Nintendo Wii,2007
Mario Kart Wii,Racing / Driving,Nintendo,82,12.39,2454.103,Nintendo Wii,2008
Grand Theft Auto IV,"Action,Racing / Driving",Rockstar,98,5.76,2044.403,X360,2008
Super Smash Bros.: Brawl,Action,Nintendo,93,5.71,3273.503,Nintendo Wii,2008
Call of Duty: World at War,Action,Activision,84,4.58,2454.103,X360,2008
Grand Theft Auto IV,"Action,Racing / Driving",Rockstar,98,3.91,2044.403,PlayStation 3,2008
Gears of War 2,Action,Microsoft,93,3.9,2044.403,X360,2008
Pokmon: Platinum Version,"Adventure,Role-Playing (RPG)",Nintendo,83,2.86,2290.223,Nintendo DS,2008
Metal Gear Solid 4: Guns of the Patriots,Action,Konami,94,2.58,1880.523,PlayStation 3,2008
Fable II,Role-Playing (RPG),Microsoft,89,2.55,1470.823,X360,2008
Call of Duty: World at War,Action,Activision,85,2.53,2454.103,PlayStation 3,2008
Guitar Hero: World Tour,"Action,Simulation",Activision,86,2.47,1470.823,Nintendo Wii,2008
LittleBigPlanet,Action,Sony,95,2.46,2044.403,PlayStation 3,2008
Fallout 3,"Action,Role-Playing (RPG)",,93,2.44,1470.823,X360,2008
LEGO Indiana Jones: The Original Adventures,Action,,77,2.42,815.303,X360,2008
Left 4 Dead,Action,,89,2.39,1634.703,X360,2008
Madden NFL 09,Sports,EA,83,2.33,1225.003,X360,2008
Guitar Hero: On Tour,"Action,Simulation",Activision,71,2.22,1225.003,Nintendo DS,2008
Kung Fu Panda,Action,Activision,75,2.04,815.303,X360,2008
Rock Band 2,"Action,Simulation",,92,1.85,1634.703,X360,2008
Sega Superstars Tennis,Sports,Sega,67,1.84,815.303,X360,2008
Guitar Hero: World Tour,"Action,Simulation",Activision,85,1.78,1388.883,X360,2008
Animal Crossing: City Folk,Simulation,Nintendo,73,1.78,2454.103,Nintendo Wii,2008
Mario & Sonic at the Olympic Games,"Action,Sports","Nintendo,Sega",70,1.74,2044.403,Nintendo DS,2008
Madden NFL 09,Sports,EA,85,1.66,1225.003,PlayStation 3,2008
LEGO Batman: The Videogame,Action,,76,1.64,1225.003,X360,2008
Tom Clancy's Rainbow Six: Vegas 2,Action,Ubisoft,82,1.61,1388.883,X360,2008
Kirby Super Star Ultra,Action,Nintendo,76,1.6,2044.403,Nintendo DS,2008
Star Wars: The Force Unleashed,Action,,73,1.59,1388.883,X360,2008
God of War: Chains of Olympus,Action,Sony,91,1.54,1470.823,Sony PSP,2008
Fallout 3,"Action,Role-Playing (RPG)",,90,1.48,1470.823,PlayStation 3,2008
Pure,"Racing / Driving,Sports",Disney,85,1.43,1061.123,X360,2008
LEGO Indiana Jones: The Original Adventures,Action,,78,1.42,1388.883,Nintendo Wii,2008
Rock Band,"Action,Simulation",,92,1.4,1470.823,Nintendo Wii,2008
LEGO Batman: The Videogame,"Action,Racing / Driving",,72,1.39,1470.823,Nintendo DS,2008
Saints Row 2,"Action,Racing / Driving",THQ,81,1.39,1470.823,X360,2008
LEGO Batman: The Videogame,Action,,74,1.32,1470.823,Nintendo Wii,2008
Call of Duty: World at War,Action,Activision,83,1.17,2454.103,Nintendo Wii,2008
Midnight Club: Los Angeles,Racing / Driving,Rockstar,81,1.15,1880.523,X360,2008
Mortal Kombat vs. DC Universe,Action,Midway,76,1.13,2044.403,PlayStation 3,2008
Army of Two,Action,EA,72,1.12,1388.883,X360,2008
Resistance 2,Action,Sony,87,1.11,2044.403,PlayStation 3,2008
Rock Band 2,"Action,Simulation",,91,1.11,2044.403,PlayStation 3,2008
Midnight Club: Los Angeles,Racing / Driving,Rockstar,82,1.09,1880.523,PlayStation 3,2008
Sonic Unleashed,Action,Sega,66,1.09,1470.823,Nintendo Wii,2008
NBA 2K9 ,Sports,2K,84,1.07,1061.123,X360,2008
Guitar Hero: World Tour,"Action,Simulation",Activision,84,1.04,1470.823,PlayStation 3,2008
Guitar Hero: Aerosmith,"Action,Simulation",Activision,73,1.03,1225.003,Nintendo Wii,2008
Star Wars: The Force Unleashed,Action,,71,1.01,1225.003,Nintendo Wii,2008
Burnout Paradise,"Action,Racing / Driving",EA,87,1.01,1470.823,PlayStation 3,2008
Pokmon Ranger: Shadows of Almia,"Action,Role-Playing (RPG)",Nintendo,68,0.99,2044.403,Nintendo DS,2008
Mortal Kombat vs. DC Universe,Action,Midway,72,0.98,2044.403,X360,2008
Dead Space,Action,EA,88,0.96,1470.823,PlayStation 3,2008
Shaun White Snowboarding: Road Trip,Sports,Ubisoft,78,0.95,1225.003,Nintendo Wii,2008
Star Wars: The Force Unleashed,Action,,71,0.92,1470.823,PlayStation 3,2008
Guitar Hero: Aerosmith,"Action,Simulation",Activision,70,0.91,815.303,X360,2008
SOCOM: U.S. Navy SEALs - Confrontation,Action,Sony,63,0.91,1388.883,PlayStation 3,2008
SoulCalibur IV,Action,Namco,85,0.87,1634.703,X360,2008
Battlefield: Bad Company,Action,EA,83,0.83,1388.883,X360,2008
Saints Row 2,"Action,Racing / Driving",THQ,82,0.81,1470.823,PlayStation 3,2008
Guitar Hero: On Tour - Decades,"Action,Simulation",Activision,72,0.8,1470.823,Nintendo DS,2008
Devil May Cry 4,Action,Capcom,84,0.8,1470.823,X360,2008
Mystery Case Files: MillionHeir,Adventure,Nintendo,65,0.76,1470.823,Nintendo DS,2008
Battlefield: Bad Company,Action,EA,84,0.76,1470.823,PlayStation 3,2008
Army of Two,Action,EA,74,0.75,1388.883,PlayStation 3,2008
Rayman Raving Rabbids TV Party,"Action,Racing / Driving,Sports,Strategy",Ubisoft,73,0.74,1470.823,Nintendo Wii,2008
The House of the Dead 2 & 3 Return,Action,Sega,66,0.74,1470.823,Nintendo Wii,2008
Far Cry 2,Action,Ubisoft,85,0.73,1634.703,X360,2008
Boom Blox,"Action,Strategy",EA,85,0.72,2044.403,Nintendo Wii,2008
Spore Creatures,"Adventure,Simulation",EA,65,0.7,1225.003,Nintendo DS,2008
Madden NFL 09,Sports,EA,68,0.68,1225.003,Sony PSP,2008
NCAA Football 09,Sports,EA,83,0.68,1225.003,X360,2008
MLB 08: The Show,Sports,Sony,85,0.67,1061.123,PlayStation 3,2008
Tom Clancy's Rainbow Six: Vegas 2,Action,Ubisoft,81,0.67,2044.403,PlayStation 3,2008
Mercenaries 2: World in Flames,Action,EA,72,0.66,1225.003,X360,2008
Need for Speed: Undercover,Racing / Driving,EA,64,0.66,1470.823,X360,2008
Guitar Hero: Aerosmith,"Action,Simulation",Activision,70,0.65,1225.003,PlayStation 3,2008
SoulCalibur IV,Action,"Namco,Ubisoft",85,0.65,1880.523,PlayStation 3,2008
Valkyria Chronicles,"Action,Role-Playing (RPG),Strategy",Sega,86,0.65,2044.403,PlayStation 3,2008
Harvest Moon: Tree of Tranquility,"Role-Playing (RPG),Simulation",,65,0.62,2863.803,Nintendo Wii,2008
Star Wars: The Clone Wars - Jedi Alliance,"Action,Adventure",,68,0.6,1470.823,Nintendo DS,2008
Need for Speed: Undercover,Racing / Driving,EA,59,0.59,1470.823,PlayStation 3,2008
Wario Land: Shake It!,Action,Nintendo,78,0.59,1634.703,Nintendo Wii,2008
NBA 2K9,Sports,2K,82,0.58,1225.003,PlayStation 3,2008
Major League Baseball 2K9,Sports,2K,64,0.58,1225.003,X360,2008
NCAA Football 09,Sports,EA,81,0.56,1225.003,PlayStation 3,2008
Kung Fu Panda,Action,Activision,71,0.56,1470.823,Nintendo DS,2008
Devil May Cry 4,Action,Capcom,84,0.56,1634.703,PlayStation 3,2008
Tom Clancy's EndWar,Strategy,Ubisoft,77,0.56,1388.883,X360,2008
LEGO Batman: The Videogame,Action,,73,0.54,1470.823,Sony PSP,2008
BioShock,Action,2K,94,0.53,1470.823,PlayStation 3,2008
Bully: Scholarship Edition,"Action,Adventure",Rockstar,80,0.53,1470.823,X360,2008
Prince of Persia,Action,Ubisoft,81,0.53,1388.883,X360,2008
Kung Fu Panda,Action,Activision,70,0.52,1388.883,Nintendo Wii,2008
Sonic Chronicles: The Dark Brotherhood,"Action,Role-Playing (RPG)",Sega,74,0.52,1470.823,Nintendo DS,2008
Chrono Trigger,Role-Playing (RPG),SquareEnix,92,0.51,1470.823,Nintendo DS,2008
Tomb Raider: Underworld,Action,Eidos,76,0.51,1470.823,X360,2008
skate it,"Action,Sports",EA,70,0.5,3273.503,Nintendo Wii,2008
The Legendary Starfy,"Action,Adventure",Nintendo,75,0.5,2044.403,Nintendo DS,2008
Mirror's Edge,Action,EA,79,0.5,1225.003,X360,2008
Haze,Action,Ubisoft,55,0.49,1061.123,PlayStation 3,2008
Dissidia: Final Fantasy,"Action,Role-Playing (RPG)",SquareEnix,79,0.49,1470.823,Sony PSP,2008
Sid Meier's Civilization: Revolution,Strategy,2K,84,0.49,2044.403,X360,2008
Wall-E,Action,THQ,51,0.48,1470.823,Nintendo Wii,2008
Prince of Persia,Action,Ubisoft,85,0.48,1470.823,PlayStation 3,2008
NHL 09 ,Sports,EA,88,0.48,1225.003,X360,2008
Brothers in Arms: Hell's Highway,Action,Ubisoft,76,0.47,1470.823,X360,2008
Shaun White Snowboarding,Sports,Ubisoft,60,0.47,1225.003,X360,2008
Turok,Action,,69,0.47,1225.003,X360,2008
Iron Man,Action,Sega,44,0.46,1388.883,Sony PSP,2008
De Blob,Action,THQ,82,0.45,1388.883,Nintendo Wii,2008
Sonic Riders: Zero Gravity,Racing / Driving,Sega,56,0.45,1388.883,Nintendo Wii,2008
Rhythm Heaven,Action,Nintendo,83,0.45,2044.403,Nintendo DS,2008
Tomb Raider: Underworld,Action,Eidos,75,0.44,1470.823,PlayStation 3,2008
Advance Wars: Days of Ruin,Strategy,Nintendo,86,0.43,1470.823,Nintendo DS,2008
LEGO Batman: The Videogame,Action,,75,0.43,1470.823,PlayStation 3,2008
Far Cry 2,Action,Ubisoft,85,0.43,1634.703,PlayStation 3,2008
Harvest Moon: Island of Happiness,"Simulation,Strategy",,65,0.42,2044.403,Nintendo DS,2008
Brothers in Arms: Hell's Highway,Action,Ubisoft,76,0.42,1634.703,PlayStation 3,2008
Sonic Unleashed,"Action,Adventure",Sega,54,0.42,1470.823,PlayStation 3,2008
Pinball Hall of Fame: The Williams Collection,Simulation,,82,0.41,1470.823,Nintendo Wii,2008
Sonic Unleashed,"Action,Adventure",Sega,60,0.41,1470.823,X360,2008
Samba de Amigo,Action,Sega,68,0.4,1061.123,Nintendo Wii,2008
?kami,Action,Capcom,90,0.39,1470.823,Nintendo Wii,2008
LEGO Indiana Jones: The Original Adventures,Action,,77,0.38,1470.823,PlayStation 3,2008
MotorStorm: Pacific Rift,"Action,Racing / Driving,Sports",Sony,82,0.37,2454.103,PlayStation 3,2008
Tiger Woods PGA Tour 09,Sports,EA,84,0.37,1634.703,X360,2008
SimCity Creator,Simulation,EA,67,0.37,2044.403,Nintendo Wii,2008
Tiger Woods PGA Tour 09,Sports,EA,82,0.36,1634.703,PlayStation 3,2008
Sid Meier's Civilization: Revolution,"Simulation,Strategy",2K,80,0.36,1470.823,Nintendo DS,2008
Pure,"Racing / Driving,Sports",Disney,83,0.36,1470.823,PlayStation 3,2008
Turok,Action,,67,0.36,1388.883,PlayStation 3,2008
Crash: Mind over Mutant,Action,,70,0.36,1470.823,Nintendo Wii,2008
Spider-Man: Web of Shadows,Action,Activision,68,0.36,1634.703,X360,2008
Frontlines: Fuel of War,Action,THQ,75,0.35,1225.003,X360,2008
GRID,"Racing / Driving,Simulation,Sports",,87,0.35,1634.703,X360,2008
Too Human,"Action,Role-Playing (RPG)",Microsoft,65,0.35,1225.003,X360,2008
Speed Racer: The Videogame,Racing / Driving,,69,0.34,1388.883,Nintendo Wii,2008
LEGO Indiana Jones: The Original Adventures,Action,,76,0.34,1470.823,Sony PSP,2008
SEGA Bass Fishing,Sports,Sega,59,0.34,1470.823,Nintendo Wii,2008
The Chronicles of Narnia: Prince Caspian,"Action,Role-Playing (RPG)",Disney,63,0.33,1388.883,Nintendo Wii,2008
Iron Man,Action,Sega,56,0.33,1225.003,Nintendo DS,2008
The Sims 2: Apartment Pets,Simulation,EA,50,0.33,1470.823,Nintendo DS,2008
MLB 08: The Show,Sports,Sony,83,0.33,1225.003,Sony PSP,2008
Iron Man,Action,Sega,42,0.33,1470.823,PlayStation 3,2008
Madagascar: Escape 2 Africa,"Action,Adventure",Activision,55,0.32,1470.823,Nintendo DS,2008
GRID,"Racing / Driving,Simulation,Sports",,87,0.31,2044.403,PlayStation 3,2008
NHL 09,Sports,EA,88,0.31,1634.703,PlayStation 3,2008
Banjo-Kazooie: Nuts & Bolts,"Action,Adventure,Racing / Driving,Sports",Microsoft,79,0.31,1470.823,X360,2008
Hot Shots Golf: Out of Bounds,Sports,Sony,81,0.3,2863.803,PlayStation 3,2008
Rune Factory 2: A Fantasy Harvest Moon,"Action,Role-Playing (RPG),Simulation",,79,0.3,1470.823,Nintendo DS,2008
SimCity Creator,Simulation,EA,69,0.3,1470.823,Nintendo DS,2008
Patapon,"Action,Strategy",Sony,86,0.3,1470.823,Sony PSP,2008
Shaun White Snowboarding,Sports,Ubisoft,63,0.3,1306.943,PlayStation 3,2008
Iron Man,Action,Sega,44,0.3,1470.823,Nintendo Wii,2008
Sega Superstars Tennis,Sports,Sega,65,0.29,1225.003,Nintendo DS,2008
Lost Planet: Extreme Condition,Action,Capcom,67,0.29,1388.883,PlayStation 3,2008
Mirror's Edge,Action,EA,79,0.29,1225.003,PlayStation 3,2008
The Incredible Hulk,Action,Sega,46,0.29,1388.883,Nintendo Wii,2008
Condemned 2: Bloodshot,"Action,Adventure",Sega,80,0.29,1225.003,X360,2008
Sega Superstars Tennis,Sports,Sega,71,0.28,1061.123,Nintendo Wii,2008
Speed Racer: The Videogame,Racing / Driving,,75,0.28,1470.823,Nintendo DS,2008
Viva Pi$?ata: Pocket Paradise,"Simulation,Strategy",THQ,82,0.28,1470.823,Nintendo DS,2008
Tom Clancy's EndWar,Strategy,Ubisoft,76,0.28,1470.823,PlayStation 3,2008
Iron Man,Action,Sega,45,0.28,1470.823,X360,2008
Need for Speed: Undercover,Racing / Driving,EA,54,0.27,2290.223,Nintendo Wii,2008
Wall-E,Action,THQ,50,0.27,1225.003,X360,2008
Spectrobes: Beyond the Portals,"Action,Role-Playing (RPG)",Disney,70,0.27,979.183,Nintendo DS,2008
MX vs. ATV Untamed,Educational,Ubisoft,59,0.27,1388.883,Sony PSP,2008
Mercenaries 2: World in Flames,Action,EA,72,0.27,1306.943,PlayStation 3,2008
Infinite Undiscovery,"Action,Role-Playing (RPG)",SquareEnix,68,0.27,1470.823,X360,2008
TNA iMPACT!,Sports,Midway,62,0.26,1225.003,X360,2008
Enemy Territory: Quake Wars,Action,Activision,69,0.26,1225.003,X360,2008
Fire Emblem: Shadow Dragon,"Role-Playing (RPG),Strategy",Nintendo,81,0.25,1634.703,Nintendo DS,2008
Neopets Puzzle Adventure,"Adventure,Role-Playing (RPG),Strategy",Capcom,70,0.25,1470.823,Nintendo DS,2008
Tales of Vesperia,"Adventure,Role-Playing (RPG)",Namco,79,0.25,2290.223,X360,2008
SingStar ABBA,Action,Sony,70,0.24,1470.823,PlayStation 3,2008
Dragon Ball Z: Burst Limit,Action,"Atari,Namco",72,0.24,1470.823,X360,2008
Apollo Justice: Ace Attorney,"Adventure,Simulation",Capcom,78,0.24,2044.403,Nintendo DS,2008
Castlevania: Order of Ecclesia,"Action,Adventure,Role-Playing (RPG)",Konami,85,0.24,2044.403,Nintendo DS,2008
Mega Man Star Force 2: Zerker X Ninja,"Action,Role-Playing (RPG)",Capcom,55,0.24,1470.823,Nintendo DS,2008
Enemy Territory: Quake Wars,Action,Activision,60,0.24,1388.883,PlayStation 3,2008
Namco Museum: Virtual Arcade,"Action,Racing / Driving",Namco,63,0.24,1470.823,X360,2008
NASCAR 09,"Racing / Driving,Sports",EA,69,0.24,1634.703,X360,2008
Turning Point: Fall of Liberty,Action,,43,0.24,651.423,X360,2008
Summer Athletics 2009,Sports,,56,0.23,1634.703,Nintendo Wii,2008
Unreal Tournament III,Action,Midway,82,0.23,1225.003,X360,2008
Shaun White Snowboarding,"Racing / Driving,Sports",Ubisoft,63,0.23,1388.883,Nintendo DS,2008
Dark Sector,Action,,72,0.23,1225.003,PlayStation 3,2008
The Last Remnant,Role-Playing (RPG),SquareEnix,66,0.23,1225.003,X360,2008
Dragon Ball Z: Burst Limit,Action,"Atari,Namco",71,0.22,1634.703,PlayStation 3,2008
NASCAR 09,"Racing / Driving,Sports",EA,65,0.22,1880.523,PlayStation 3,2008
Turning Point: Fall of Liberty,Action,,42,0.22,651.423,PlayStation 3,2008
MX vs. ATV Untamed,Racing / Driving,THQ,70,0.22,2044.403,Nintendo Wii,2008
Crash: Mind over Mutant,Action,,60,0.22,2044.403,X360,2008
The Incredible Hulk,Action,Sega,55,0.22,1470.823,X360,2008
Silent Hill: Homecoming,Action,Konami,70,0.22,1470.823,X360,2008
TNA iMPACT!,Sports,Midway,64,0.21,1061.123,PlayStation 3,2008
The Incredible Hulk,Action,Sega,55,0.21,1388.883,PlayStation 3,2008
Kung Fu Panda,Action,Activision,76,0.21,1634.703,PlayStation 3,2008
Dark Sector,Action,,72,0.21,1143.063,X360,2008
Tales of Symphonia: Dawn of the New World,Role-Playing (RPG),Namco,68,0.2,2044.403,Nintendo Wii,2008
Valkyrie Profile: Covenant of the Plume,"Role-Playing (RPG),Strategy",SquareEnix,74,0.2,2044.403,Nintendo DS,2008
Spider-Man: Web of Shadows,Action,Activision,67,0.2,2044.403,PlayStation 3,2008
TV Show King,Strategy,,65,0.19,1470.823,Nintendo Wii,2008
AC/DC Live: Rock Band - Track Pack,"Action,Simulation",,63,0.19,1225.003,X360,2008
The Chronicles of Narnia: Prince Caspian,Role-Playing (RPG),Disney,54,0.19,897.243,Nintendo DS,2008
Hot Shots Golf: Open Tee 2,Sports,Sony,82,0.19,1225.003,Sony PSP,2008
AC/DC Live: Rock Band - Track Pack,"Action,Simulation",,60,0.19,1225.003,PlayStation 3,2008
Harvest Moon: Magical Melody,"Role-Playing (RPG),Simulation",,69,0.18,1962.463,Nintendo Wii,2008
Dynasty Warriors 6,"Action,Strategy",,59,0.18,2044.403,PlayStation 3,2008
Order Up!,"Action,Simulation",,76,0.18,1470.823,Nintendo Wii,2008
NBA Ballers: Chosen One,Sports,Midway,55,0.17,815.303,X360,2008
Age of Empires: Mythologies,Strategy,THQ,78,0.17,1470.823,Nintendo DS,2008
LocoRoco 2,"Action,Strategy",Sony,85,0.17,979.183,Sony PSP,2008
Star Ocean: First Departure,"Action,Role-Playing (RPG)",SquareEnix,74,0.17,1470.823,Sony PSP,2008
Lost: Via Domus,"Action,Adventure",Ubisoft,54,0.17,1388.883,PlayStation 3,2008
Tetris Party,Strategy,,75,0.16,2044.403,Nintendo Wii,2008
Bully: Scholarship Edition,"Action,Adventure",Rockstar,83,0.16,1470.823,Nintendo Wii,2008
The Spiderwick Chronicles,"Action,Adventure",,62,0.16,1388.883,Nintendo Wii,2008
Dynasty Warriors 6,"Action,Strategy",,60,0.16,2044.403,X360,2008
Facebreaker,Sports,EA,54,0.16,1061.123,X360,2008
Ninja Gaiden: Dragon Sword,Action,,83,0.16,1061.123,Nintendo DS,2008
Condemned 2: Bloodshot,"Action,Adventure",Sega,82,0.16,1225.003,PlayStation 3,2008
Silent Hill: Homecoming,Action,Konami,71,0.16,1470.823,PlayStation 3,2008
Command & Conquer: Red Alert 3,Strategy,EA,77,0.16,1225.003,X360,2008
Viking: Battle for Asgard,Action,Sega,68,0.16,1225.003,X360,2008
Beijing 2008,Sports,Sega,60,0.15,1225.003,X360,2008
Don King Presents: Prizefighter,Sports,2K,56,0.15,1225.003,X360,2008
Bomberman,"Action,Strategy",,73,0.15,1061.123,Sony PSP,2008
Ferrari Challenge Trofeo Pirelli,Racing / Driving,,71,0.15,1470.823,PlayStation 3,2008
Command & Conquer 3: Kane's Wrath,Strategy,EA,75,0.15,1470.823,X360,2008
Lost: Via Domus,"Action,Adventure",Ubisoft,55,0.15,1470.823,X360,2008
NHL 2K9 ,Sports,2K,69,0.15,1225.003,X360,2008
Eternal Sonata,Role-Playing (RPG),Namco,80,0.14,2044.403,PlayStation 3,2008
Viva Pi$?ata: Trouble in Paradise,"Racing / Driving,Simulation,Strategy",Microsoft,82,0.14,1470.823,X360,2008
FlatOut: Head On,"Racing / Driving,Sports",,74,0.14,815.303,Sony PSP,2008
Viking: Battle for Asgard,Action,Sega,65,0.14,1388.883,PlayStation 3,2008
Neopets Puzzle Adventure,"Role-Playing (RPG),Strategy",Capcom,52,0.14,1225.003,Nintendo Wii,2008
TNA iMPACT!,Sports,Midway,43,0.14,1225.003,Nintendo Wii,2008
Tomb Raider: Underworld,Action,Eidos,70,0.14,1470.823,Nintendo Wii,2008
The Club,Action,Sega,76,0.13,1225.003,X360,2008
The Chronicles of Narnia: Prince Caspian,"Action,Role-Playing (RPG)",Disney,56,0.13,1225.003,X360,2008
Cabela's Dangerous Hunts 2009,Sports,Activision,42,0.13,1634.703,X360,2008
Dark Messiah of Might and Magic: Elements,"Action,Role-Playing (RPG)",Ubisoft,52,0.13,1470.823,X360,2008
Fracture,Action,,63,0.13,1225.003,X360,2008
Bomberman Land,Action,,57,0.12,1634.703,Nintendo Wii,2008
Nitrobike,"Action,Racing / Driving,Sports",Ubisoft,49,0.12,1225.003,Nintendo Wii,2008
Culdcept Saga,Strategy,Namco,75,0.12,1470.823,X360,2008
Facebreaker,Sports,,53,0.12,1225.003,PlayStation 3,2008
MLB Power Pros 2008,Sports,2K,83,0.12,1880.523,Nintendo Wii,2008
Mushroom Men: The Spore Wars,Action,,72,0.12,1470.823,Nintendo Wii,2008
Dragon Quest V: Hand of the Heavenly Bride,Role-Playing (RPG),SquareEnix,84,0.12,2454.103,Nintendo DS,2008
Ninjatown,Strategy,,80,0.12,1634.703,Nintendo DS,2008
Super Dodgeball Brawlers,"Action,Sports",,65,0.12,1634.703,Nintendo DS,2008
Dokapon Kingdom,"Role-Playing (RPG),Strategy",,72,0.12,1470.823,Nintendo Wii,2008
Alone in the Dark,"Action,Adventure,Racing / Driving",Atari,58,0.12,1225.003,X360,2008
NBA 09: The Inside,Sports,Sony,63,0.11,1225.003,PlayStation 3,2008
Sega Superstars Tennis,Sports,Sega,67,0.11,1388.883,PlayStation 3,2008
Baja: Edge of Control,"Racing / Driving,Simulation,Sports",THQ,65,0.11,1388.883,X360,2008
Destroy All Humans! Big Willy Unleashed,Adventure,THQ,53,0.11,1470.823,Nintendo Wii,2008
Space Invaders Extreme,Action,SquareEnix,85,0.11,1388.883,Nintendo DS,2008
Ultimate Band,"Action,Simulation",Disney,69,0.11,1225.003,Nintendo DS,2008
The Club,Action,Sega,72,0.1,1225.003,PlayStation 3,2008
Madagascar: Escape 2 Africa,Action,Activision,58,0.1,2044.403,PlayStation 3,2008
NBA Ballers: Chosen One,Sports,Midway,54,0.1,1225.003,PlayStation 3,2008
Dream Pinball 3D,Simulation,,54,0.1,1388.883,Nintendo Wii,2008
Madagascar: Escape 2 Africa,Action,Activision,62,0.1,1634.703,X360,2008
Pro Evolution Soccer 2008,Sports,Konami,83,0.1,1470.823,Nintendo Wii,2008
Avalon Code,"Action,Adventure,Role-Playing (RPG)",,71,0.1,2290.223,Nintendo DS,2008
Disgaea DS,"Role-Playing (RPG),Strategy",,82,0.1,2044.403,Nintendo DS,2008
Guitar Rock Tour,Simulation,,60,0.1,1143.063,Nintendo DS,2008
Lost in Blue 3,Role-Playing (RPG),Konami,59,0.1,1470.823,Nintendo DS,2008
Syberia,Adventure,,52,0.1,1962.463,Nintendo DS,2008
Afrika,"Adventure,Simulation",Sony,63,0.1,3929.023,PlayStation 3,2008
NFL Head Coach 09,"Simulation,Sports,Strategy",EA,64,0.1,1225.003,PlayStation 3,2008
NHL 2K9,Sports,2K,70,0.1,1225.003,PlayStation 3,2008
Brothers in Arms: Double Time,"Action,Strategy",Ubisoft,45,0.1,1470.823,Nintendo Wii,2008
ObsCure: The Aftermath,Action,,53,0.1,1388.883,Nintendo Wii,2008
MotoGP 08,"Racing / Driving,Simulation,Sports",,68,0.1,1388.883,X360,2008
NFL Head Coach 09,"Simulation,Sports,Strategy",EA,67,0.1,1061.123,X360,2008
NFL Tour,"Action,Sports",EA,49,0.1,1061.123,X360,2008
Pinball Hall of Fame: The Williams Collection,Simulation,,78,0.09,1470.823,Sony PSP,2008
Baja: Edge of Control,"Racing / Driving,Simulation,Sports",THQ,61,0.09,1470.823,PlayStation 3,2008
NFL Tour,"Action,Sports",EA,45,0.09,1225.003,PlayStation 3,2008
Wall-E,Action,THQ,51,0.09,1470.823,PlayStation 3,2008
Ninja Reflex,Action,EA,49,0.09,1225.003,Nintendo Wii,2008
Conflict: Denied Ops,Action,Eidos,52,0.09,1061.123,X360,2008
Top Spin 3,Sports,2K,78,0.09,1634.703,X360,2008
Blitz: The League II,"Action,Sports",Midway,62,0.09,1225.003,PlayStation 3,2008
Hellboy: The Science of Evil,"Action,Adventure",Konami,47,0.09,1388.883,PlayStation 3,2008
Castlevania Judgment,Action,Konami,49,0.09,1470.823,Nintendo Wii,2008
Death Jr. II: Root of Evil,Action,Eidos,71,0.09,1470.823,Nintendo Wii,2008
Raiden IV,Action,,63,0.09,2699.923,X360,2008
Metal Slug 7,Action,,70,0.09,1470.823,Nintendo DS,2008
Spider-Man: Web of Shadows,Action,Activision,77,0.09,1306.943,Nintendo DS,2008
Trauma Center: Under The Knife 2,"Action,Simulation",,79,0.09,1634.703,Nintendo DS,2008
Fracture,Action,,62,0.09,1225.003,PlayStation 3,2008
Alone in the Dark,"Action,Adventure,Racing / Driving",Atari,39,0.09,1225.003,Nintendo Wii,2008
Final Fantasy Fables: Chocobo's Dungeon,"Action,Role-Playing (RPG)",SquareEnix,76,0.09,1470.823,Nintendo Wii,2008
The King of Fighters Collection: The Orochi Saga,Action,,70,0.09,1470.823,Nintendo Wii,2008
Klonoa: Door to Phantomile,Action,Namco,77,0.09,1470.823,Nintendo Wii,2008
Samurai Warriors: Katana,Action,,53,0.09,1470.823,Nintendo Wii,2008
Battle of the Bands,"Action,Simulation",THQ,58,0.08,1225.003,Nintendo Wii,2008
Hellboy: The Science of Evil,"Action,Adventure",Konami,44,0.08,1225.003,X360,2008
Dragon Ball: Origins,"Action,Adventure",Atari,78,0.08,1306.943,Nintendo DS,2008
Ninja Reflex,Action,EA,54,0.08,1061.123,Nintendo DS,2008
Space Bust-A-Move,Strategy,SquareEnix,71,0.08,1470.823,Nintendo DS,2008
Top Spin 3,Sports,2K,75,0.08,2044.403,PlayStation 3,2008
UEFA Euro 2008,Sports,EA,79,0.07,1470.823,PlayStation 3,2008
"Blast Works: Build, Trade, Destroy",Action,,78,0.07,1225.003,Nintendo Wii,2008
FIFA Street 3,Sports,EA,63,0.07,1225.003,X360,2008
Blitz: The League II,"Action,Sports",Midway,68,0.07,1061.123,X360,2008
Space Chimps,"Action,Adventure",,57,0.07,1225.003,X360,2008
The Spiderwick Chronicles,"Action,Adventure",,59,0.07,1225.003,X360,2008
Etrian Odyssey II: Heroes of Lagaard,Role-Playing (RPG),,82,0.07,2044.403,Nintendo DS,2008
Line Rider 2: Unbound,"Simulation,Sports",,59,0.07,733.363,Nintendo DS,2008
The King of Fighters Collection: The Orochi Saga,Action,,61,0.07,1470.823,Sony PSP,2008
Target: Terror,Action,Konami,33,0.07,1470.823,Nintendo Wii,2008
Legendary,Action,Atari,47,0.07,1470.823,X360,2008
Universe at War: Earth Assault,"Action,Strategy",Sega,66,0.07,1225.003,X360,2008
Smash Court Tennis 3,"Simulation,Sports",Atari,55,0.06,1225.003,X360,2008
Code Lyoko: Fall of X.A.N.A,"Action,Role-Playing (RPG)",,51,0.06,1225.003,Nintendo DS,2008
Knights in the Nightmare,"Role-Playing (RPG),Strategy",,76,0.06,2454.103,Nintendo DS,2008
Lock's Quest,"Action,Adventure,Strategy",THQ,80,0.06,1225.003,Nintendo DS,2008
Master of the Monster Lair,Role-Playing (RPG),,63,0.06,1225.003,Nintendo DS,2008
N+,Action,Atari,82,0.06,1225.003,Nintendo DS,2008
Pipe Mania,Strategy,,71,0.06,1225.003,Nintendo DS,2008
The Spiderwick Chronicles,Role-Playing (RPG),,60,0.06,1061.123,Nintendo DS,2008
Summon Night: Twin Age,Role-Playing (RPG),,73,0.06,2044.403,Nintendo DS,2008
Wild Arms XF,Role-Playing (RPG),,64,0.06,1470.823,Sony PSP,2008
FIFA Street 3,Sports,EA,63,0.06,1470.823,PlayStation 3,2008
MotoGP 08,"Racing / Driving,Simulation,Sports",,65,0.06,1470.823,PlayStation 3,2008
Harvey Birdman: Attorney at Law,Adventure,Capcom,60,0.06,1225.003,Nintendo Wii,2008
Let's Tap,Simulation,Sega,70,0.06,1470.823,Nintendo Wii,2008
NHL 2K9,Sports,2K,65,0.06,1225.003,Nintendo Wii,2008
Conflict: Denied Ops,Action,Eidos,51,0.05,1470.823,PlayStation 3,2008
Worms: A Space Oddity,"Action,Strategy",THQ,64,0.05,1470.823,Nintendo Wii,2008
UEFA Euro 2008,Sports,EA,80,0.05,1225.003,X360,2008
Overlord: Raising Hell,"Action,Strategy",,72,0.05,1470.823,PlayStation 3,2008
Battle Fantasia,"Action,Role-Playing (RPG)",,71,0.05,1880.523,X360,2008
Bangai-O Spirits,Action,,83,0.05,1225.003,Nintendo DS,2008
Dungeon Explorer: Warriors of Ancient Arts,"Action,Role-Playing (RPG)",,60,0.05,1470.823,Nintendo DS,2008
From the Abyss,"Action,Role-Playing (RPG)",,60,0.05,1634.703,Nintendo DS,2008
New International Track & Field,"Action,Sports",Konami,73,0.05,1225.003,Nintendo DS,2008
Soul Bubbles,Strategy,Eidos,78,0.05,1225.003,Nintendo DS,2008
Tropix!,Action,,59,0.05,1962.463,Nintendo DS,2008
Unsolved Crimes,"Action,Adventure,Racing / Driving",,66,0.05,1470.823,Nintendo DS,2008
Zubo,"Adventure,Role-Playing (RPG),Strategy",EA,75,0.05,1225.003,Nintendo DS,2008
Ford Racing Off Road,Racing / Driving,,47,0.05,1061.123,Sony PSP,2008
Harvey Birdman: Attorney at Law,Adventure,Capcom,62,0.05,1225.003,Sony PSP,2008
Secret Agent Clank,Action,Sony,72,0.05,1962.463,Sony PSP,2008
Space Invaders Extreme,Action,SquareEnix,84,0.05,1388.883,Sony PSP,2008
Armored Core: For Answer,Action,Ubisoft,62,0.05,2454.103,PlayStation 3,2008
Legendary,Action,Atari,50,0.05,1634.703,PlayStation 3,2008
Agatha Christie: Evil Under the Sun,Adventure,,46,0.05,1470.823,Nintendo Wii,2008
Agatha Christie: And Then There Were None,Adventure,,50,0.05,1470.823,Nintendo Wii,2008
Armored Core: For Answer,Action,Ubisoft,64,0.05,2044.403,X360,2008
Cradle of Rome,Strategy,,63,0.04,1470.823,Nintendo DS,2008
The Dark Spire,"Adventure,Role-Playing (RPG)",,69,0.04,2044.403,Nintendo DS,2008
"Flower, Sun and Rain",Adventure,,54,0.04,1962.463,Nintendo DS,2008
Insecticide,"Action,Adventure",,55,0.04,1061.123,Nintendo DS,2008
Izuna 2: The Unemployed Ninja Returns,Role-Playing (RPG),,65,0.04,1470.823,Nintendo DS,2008
Looney Tunes: Cartoon Conductor,Action,Eidos,67,0.04,1143.063,Nintendo DS,2008
Nanostray 2,Action,,75,0.04,1061.123,Nintendo DS,2008
Hellboy: The Science of Evil,Action,Konami,42,0.04,1225.003,Sony PSP,2008
Pipe Mania,Strategy,,74,0.04,1061.123,Sony PSP,2008
UEFA Euro 2008,Sports,EA,68,0.04,1634.703,Sony PSP,2008
Vampire Rain,Action,,30,0.04,2044.403,PlayStation 3,2008
Baroque,"Action,Role-Playing (RPG)",,50,0.04,1634.703,Nintendo Wii,2008
Supreme Commander,Strategy,,56,0.04,1470.823,X360,2008
Hail to the Chimp,"Action,Strategy",,52,0.03,1388.883,X360,2008
Assassin's Creed: Altar's Chronicles,Action,Ubisoft,58,0.03,979.183,Nintendo DS,2008
The Legend of Kage 2,Action,SquareEnix,70,0.03,1225.003,Nintendo DS,2008
Rhapsody: A Musical Adventure,Role-Playing (RPG),,67,0.03,1061.123,Nintendo DS,2008
Secret Files: Tunguska,Adventure,,71,0.03,1470.823,Nintendo DS,2008
Fading Shadows,"Action,Adventure",,62,0.03,1470.823,Sony PSP,2008
Hail to the Chimp,"Action,Strategy",,51,0.03,1306.943,PlayStation 3,2008
Secret Files: Tunguska,Adventure,,64,0.02,1470.823,Nintendo Wii,2008
Chicken Hunter,Action,,39,0.02,1470.823,Nintendo DS,2008
